sensor_id,sheet_name,count,mean,median,std,min,max,q25,q75,outliers_count
SENP1_S10,SENP1,30,2.3896666666666664,2.52,1.3561748522535941,1.36,9.0,1.38,2.54,1
SENP1_S11,SENP1,30,1.8766666666666665,1.605,1.535181295220666,1.49,10.0,1.5725,1.6375,1
SENP1_S12,SENP1,30,1.7756666666666665,1.43,1.7497323604864068,0.85,11.0,1.4,1.6075000000000002,2
SENP1_S13,SENP1,30,2.4709999999999996,2.18,1.8016589098900508,1.86,12.0,2.1325,2.19,4
SENP1_S14,SENP1,30,1.8963333333333334,1.52,2.100358726886718,1.02,13.0,1.49,1.5475,5
SENP1_S15,SENP1,30,2.624,2.46,2.217878140988784,0.47,14.0,2.3925,2.5,6
SENP1_S16,SENP1,30,2.820333333333333,2.565,2.3174636601448477,1.88,15.0,2.3625,2.6275,7
SENP1_S17,SENP1,30,1.714,1.255,2.7012405834459052,0.87,16.0,1.21,1.3050000000000002,4
SENP1_S18,SENP1,30,2.176,1.67,2.8003036781133535,1.52,17.0,1.6349999999999998,1.7175,1
SENP1_S19,SENP1,30,1.7536666666666667,0.99,3.10156743837396,0.65,18.0,0.895,1.8250000000000002,1
SENP1_S2,SENP1,30,0.17866666666666667,0.12,0.19218764776650707,0.0,1.0,0.08,0.2425,1
SENP1_S20,SENP1,30,2.037666666666667,1.59,3.2120019359865912,1.08,19.0,1.1400000000000001,1.62,1
SENP1_S21,SENP1,30,1.4133333366666667,0.74,3.516301282539112,0.57,20.0,0.6325000000000001,0.855,2
SENP1_S22,SENP1,30,2.6899999966666663,2.34,3.4970805575113846,0.9599999,21.0,1.755,2.4925,1
SENP1_S23,SENP1,30,3.069,2.53,3.5872046075672515,1.42,22.0,2.43,2.59,5
SENP1_S24,SENP1,30,2.5469999999999997,1.9899999999999998,3.875921381004023,1.37,23.0,1.53,2.1775,1
SENP1_S25,SENP1,30,2.5170000000000003,1.815,4.064760373816853,1.16,24.0,1.7725,1.935,4
SENP1_S26,SENP1,30,2.1843333333333335,1.44,4.311726339065189,0.84,25.0,1.42,1.46,5
SENP1_S27,SENP1,30,1.8306666666666667,0.885,4.569311374461321,0.82,26.0,0.8425,1.26,1
SENP1_S28,SENP1,30,2.402333333333333,1.61,4.650938862084791,1.06,27.0,1.4024999999999999,1.7375,1
SENP1_S29,SENP1,30,2.613,2.115,4.8272139105213725,0.79,28.0,1.0550000000000002,2.17,1
SENP1_S3,SENP1,30,1.46,1.45,0.10576486607825737,1.37,2.0,1.43,1.46,3
SENP1_S30,SENP1,30,2.241,1.4,5.058765932381206,0.57,29.0,1.37,1.41,6
SENP1_S31,SENP1,30,2.5036666666666667,1.62,5.1973232389928095,0.83,30.0,1.5925,1.64,5
SENP1_S32,SENP1,30,2.2550000033333335,1.335,5.431152001196749,0.87,31.0,1.255,1.36,6
SENP1_S33,SENP1,30,2.4426666666666668,1.59,5.589833711260132,0.9,32.0,1.4625,1.6175000000000002,8
SENP1_S34,SENP1,30,3.1540000000000004,2.315,5.659394752578869,0.87,33.0,2.12,2.49,5
SENP1_S35,SENP1,30,2.4776666666666665,1.415,5.95425648002209,1.15,34.0,1.38,1.45,5
SENP1_S36,SENP1,30,2.535666663333333,1.6800000000000002,6.150060658466766,0.81,35.0,0.92,1.8975,1
SENP1_S37,SENP1,30,3.341333333333333,2.28,6.172176016739088,1.39,36.0,2.24,2.3,3
SENP1_S38,SENP1,30,2.484,1.25,6.54995214512658,0.55,37.0,0.6825,1.9675,1
SENP1_S39,SENP1,30,2.0203333333333333,0.78,6.795605315878446,0.69,38.0,0.7525,0.81,1
SENP1_S4,SENP1,30,0.6633333333333333,0.31,0.7868371138159161,0.04,3.0,0.2025,0.5375000000000001,7
SENP1_S40,SENP1,30,2.8586666666666667,1.69,6.828452004781843,1.12,39.0,1.63,1.72,5
SENP1_S41,SENP1,30,2.976,1.71,6.9927704538823265,1.64,40.0,1.6824999999999999,1.72,1
SENP1_S42,SENP1,30,2.4626666666666663,1.1150000000000002,7.279044051168435,1.07,41.0,1.11,1.12,6
SENP1_S43,SENP1,30,2.214,0.865,7.514978422434436,0.68,42.0,0.7625,0.92,1
SENP1_S44,SENP1,30,2.93,1.525,7.581019856784807,0.59,43.0,1.3125,1.98,1
SENP1_S45,SENP1,30,2.224999996666667,0.77,7.892312606871717,0.51,44.0,0.6325000000000001,0.8875,2
SENP1_S46,SENP1,30,2.744333333333333,1.245,7.982733385178951,1.07,45.0,1.1275,1.4525,1
SENP1_S47,SENP1,30,3.408333333333333,2.03,8.053836131731362,0.48,46.0,1.955,2.13,9
SENP1_S48,SENP1,30,2.1226666666666665,0.46,8.4813559965509,0.36,47.0,0.43,0.5375000000000001,5
SENP1_S49,SENP1,30,2.9033333333333333,1.41,8.518799629433527,0.85,48.0,1.3625,1.43,6
SENP1_S5,SENP1,30,0.6836666666666666,0.61,0.6399702758902078,0.24,4.0,0.5025,0.6849999999999999,1
SENP1_S50,SENP1,30,2.7213333333333334,0.98,8.746184087472322,0.71,49.0,0.8725,1.4224999999999999,1
SENP1_S51,SENP1,30,2.680333333333333,1.12,8.94258062087894,0.66,50.0,0.7424999999999999,1.375,1
SENP1_S52,SENP1,30,2.5113333366666666,0.84,9.163151743501116,0.3,51.0,0.67,0.9275,3
SENP1_S53,SENP1,30,2.927000003333333,1.1549999999999998,9.278043472422329,0.61,52.0,0.895000025,1.645,1
SENP1_S54,SENP1,30,2.4633333299999998,0.66,9.546781849848552,0.34,53.0,0.6,0.93,1
SENP1_S55,SENP1,1,54.0,54.0,,54.0,54.0,54.0,54.0,0
SENP1_S56,SENP1,1,55.0,55.0,,55.0,55.0,55.0,55.0,0
SENP1_S57,SENP1,1,56.0,56.0,,56.0,56.0,56.0,56.0,0
SENP1_S58,SENP1,1,57.0,57.0,,57.0,57.0,57.0,57.0,0
SENP1_S59,SENP1,1,58.0,58.0,,58.0,58.0,58.0,58.0,0
SENP1_S6,SENP1,30,1.0120000033333334,0.92,0.7688746813183629,0.41,5.0,0.84,0.9875,3
SENP1_S60,SENP1,1,59.0,59.0,,59.0,59.0,59.0,59.0,0
SENP1_S61,SENP1,1,60.0,60.0,,60.0,60.0,60.0,60.0,0
SENP1_S7,SENP1,30,1.10233333,1.185,1.094360728133306,0.0,6.0,0.29,1.4575,1
SENP1_S8,SENP1,30,1.6746666700000001,1.57,1.0236605466073507,0.9700001,7.0,1.5125,1.61,5
SENP1_S9,SENP1,30,1.8103333333333333,1.69,1.179343719699818,1.22,8.0,1.5125,1.72,1
SENP2_S10,SENP2,30,2.5716666666666668,2.47,1.27282223298527,0.98,9.0,2.45,2.51,5
SENP2_S11,SENP2,30,1.0223333333333333,0.73,1.6965089577359032,0.58,10.0,0.6725000000000001,0.76,1
SENP2_S12,SENP2,30,1.1056666666666668,0.78,1.871012418789455,0.53,11.0,0.715,0.84,1
SENP2_S13,SENP2,30,1.3483333366666665,1.005,2.0150230305434955,0.63,12.0,0.9700001,1.04,5
SENP2_S14,SENP2,30,1.1546666666666667,0.64,2.251680955738797,0.51,13.0,0.62,0.72,6
SENP2_S15,SENP2,30,2.6689999999999996,2.45,2.1753594233343727,0.8,14.0,1.9975,2.5775,2
SENP2_S16,SENP2,30,1.5803333333333334,1.32,2.599239256521739,0.02,15.0,0.8675,1.455,1
SENP2_S17,SENP2,30,1.9856666666666667,2.0,2.763872449940523,0.25,16.0,0.5475,2.1475,1
SENP2_S18,SENP2,30,2.4636666666666667,2.02,2.749954837664685,1.6,17.0,1.87,2.0975,1
SENP2_S19,SENP2,30,1.9036666733333334,1.26,3.0702650469277417,0.76,18.0,0.9550000249999999,1.8475000000000001,1
SENP2_S2,SENP2,30,1.1729999966666669,1.15,0.3239215551375964,0.67,1.77,0.8825000000000001,1.4324999999999999,0
SENP2_S20,SENP2,30,1.5829999966666668,1.065,3.2934241175545025,0.62,19.0,0.964999925,1.08,6
SENP2_S21,SENP2,30,2.435,2.225,3.414201325296323,0.35,20.0,0.9099999999999999,2.4575,1
SENP2_S22,SENP2,30,3.246666666666667,2.67,3.354602945139742,2.39,21.0,2.5949999999999998,2.7175000000000002,3
SENP2_S23,SENP2,30,2.9286666666666665,2.31,3.613809465173103,1.81,22.0,2.0425,2.5775,1
SENP2_S24,SENP2,30,1.089,0.2,4.164652032490126,0.0,23.0,0.052500000000000005,0.3875,4
SENP2_S25,SENP2,30,2.4093333333333335,1.6949999999999998,4.081531096531548,1.09,24.0,1.66,1.7375,5
SENP2_S26,SENP2,30,1.7883333333333333,1.17,4.396444553573225,0.48,25.0,0.65,1.2875,1
SENP2_S27,SENP2,30,2.505666666666667,1.71,4.442800206869641,1.39,26.0,1.495,1.89,1
SENP2_S28,SENP2,30,2.528,1.82,4.631916561692661,1.24,27.0,1.39,1.9875,1
SENP2_S29,SENP2,30,2.0686666666666667,1.3450000000000002,4.9127053670038565,0.29,28.0,1.0425,1.4425,4
SENP2_S3,SENP2,30,0.8523333333333334,0.82,0.23146733341182646,0.49,2.0,0.7925,0.87,2
SENP2_S30,SENP2,30,1.6090000000000002,0.435,5.191545746825247,0.34,29.0,0.4,0.9249999999999999,1
SENP2_S31,SENP2,30,2.7036666666666664,1.9849999999999999,5.184018201419019,0.53,30.0,1.815,2.1175,6
SENP2_S32,SENP2,30,2.204,1.25,5.448494002616845,0.53,31.0,1.0625,1.5,1
SENP2_S33,SENP2,30,2.64466667,2.04,5.5692472912189315,0.92,32.0,0.99,2.1,1
SENP2_S34,SENP2,30,3.0496666666666665,2.13,5.666124676582286,0.9,33.0,2.0725,2.1975000000000002,6
SENP2_S35,SENP2,30,2.103,1.105,6.030854088309777,0.36,34.0,0.7875000000000001,1.2850000000000001,1
SENP2_S36,SENP2,30,2.1736666700000002,1.06,6.202245134176131,0.53,35.0,0.98,1.1975,3
SENP2_S37,SENP2,30,1.6236666666666666,0.045,6.535776071024367,0.0,36.0,0.0,0.31,7
SENP2_S38,SENP2,30,2.506333333333333,1.49,6.525022649363957,0.6,37.0,1.41,1.5175,9
SENP2_S39,SENP2,30,1.6603333333333334,0.395,6.863949543326592,0.32,38.0,0.36,0.4275,3
SENP2_S4,SENP2,30,0.6833333333333333,0.405,0.6780516374056667,0.01,3.0,0.16,1.1625,1
SENP2_S40,SENP2,30,2.531,1.3050000000000002,6.889606039485158,0.73,39.0,1.27,1.38,6
SENP2_S41,SENP2,30,3.177,1.96,6.959159754076539,0.61,40.0,1.93,1.9775,2
SENP2_S42,SENP2,30,2.8266666666666667,1.545,7.213949290632428,0.89,41.0,1.375,1.69,2
SENP2_S43,SENP2,30,2.917333333333333,1.895,7.4177731268163996,0.38,42.0,0.875,2.1525,1
SENP2_S44,SENP2,30,2.963,1.67,7.566580401047574,0.84,43.0,1.53,1.78,3
SENP2_S45,SENP2,30,2.3396666666666666,0.995,7.8745874476866655,0.38,44.0,0.5750000000000001,1.1575,1
SENP2_S46,SENP2,30,2.7819999999999996,1.59,7.986628221272576,0.49,45.0,1.06,1.6375,1
SENP2_S47,SENP2,30,3.754,2.31,7.979093631009337,2.22,46.0,2.27,2.33,1
SENP2_S48,SENP2,30,2.7023333333333333,1.23,8.368634249111519,0.68,47.0,1.115,1.2975,4
SENP2_S49,SENP2,30,1.792,0.17,8.729226532864695,0.0,48.0,0.055,0.3075,1
SENP2_S5,SENP2,30,0.977,0.51,1.0304105308414533,0.0,4.0,0.1325,1.9324999999999999,0
SENP2_S50,SENP2,30,2.820333333333333,1.3250000000000002,8.72420314840918,0.78,49.0,1.1949999999999998,1.35,6
SENP2_S51,SENP2,30,3.3736666666666664,1.8,8.807123481761144,1.22,50.0,1.74,1.8275000000000001,2
SENP2_S52,SENP2,30,2.35766667,0.65,9.188303164779729,0.46,51.0,0.55,0.8475,1
SENP2_S53,SENP2,30,3.4680000000000004,1.86,9.169270794155429,0.79,52.0,1.8,1.9275,4
SENP2_S54,SENP2,30,3.095666666666667,1.59,9.431607418979391,0.61,53.0,1.1775,1.6,1
SENP2_S55,SENP2,1,54.0,54.0,,54.0,54.0,54.0,54.0,0
SENP2_S56,SENP2,1,55.0,55.0,,55.0,55.0,55.0,55.0,0
SENP2_S57,SENP2,1,56.0,56.0,,56.0,56.0,56.0,56.0,0
SENP2_S58,SENP2,1,57.0,57.0,,57.0,57.0,57.0,57.0,0
SENP2_S59,SENP2,1,58.0,58.0,,58.0,58.0,58.0,58.0,0
SENP2_S6,SENP2,30,1.287,1.14,0.7128870394631135,0.88,5.0,1.085,1.1975,4
SENP2_S60,SENP2,1,59.0,59.0,,59.0,59.0,59.0,59.0,0
SENP2_S61,SENP2,1,60.0,60.0,,60.0,60.0,60.0,60.0,0
SENP2_S7,SENP2,30,0.38466666666666666,0.13,1.073359962545372,0.0,6.0,0.052500000000000005,0.3475,1
SENP2_S8,SENP2,30,1.47,1.315,1.0538369958362173,0.66,7.0,1.29,1.35,5
SENP2_S9,SENP2,30,0.9426666666666667,0.72,1.3353133000144206,0.47,8.0,0.6525000000000001,0.76,2
SENP3_S10,SENP3,30,2.348666666666667,2.21,1.3041835425444066,0.79,9.0,2.2,2.2275,3
SENP3_S11,SENP3,30,0.6506666666666666,0.35,1.766469171350956,0.22,10.0,0.3,0.36,1
SENP3_S12,SENP3,30,1.2686666666666668,0.95,1.841350204274464,0.47,11.0,0.89,1.0,2
SENP3_S13,SENP3,30,2.2503333333333333,1.9849999999999999,1.8599267381443731,1.01,12.0,1.935,2.05,4
SENP3_S14,SENP3,30,1.27,0.885,2.2199906803159455,0.58,13.0,0.81,0.9075,5
SENP3_S15,SENP3,30,2.8346666666666667,2.47,2.113316943988082,1.91,14.0,2.4025,2.5275,2
SENP3_S16,SENP3,30,1.774,1.415,2.521604032466582,0.27,15.0,1.2825,1.5275,4
SENP3_S17,SENP3,30,2.897,2.57,2.5122817626955016,0.89,16.0,2.4775,2.67,4
SENP3_S18,SENP3,30,2.0896666666666666,1.59,2.8176151365066278,1.29,17.0,1.54,1.6675,2
SENP3_S19,SENP3,30,2.2306666666666666,2.01,3.047666075170823,0.39,18.0,1.92,2.075,8
SENP3_S2,SENP3,30,1.6426666666666667,1.79,0.5232585787446634,0.73,2.29,1.2275,2.09,0
SENP3_S20,SENP3,30,1.6420000033333333,1.045,3.2787301992544995,0.92,19.0,1.0225,1.0750000000000002,3
SENP3_S21,SENP3,30,2.396,1.9249999999999998,3.36194483944164,0.62,20.0,1.6400000000000001,2.1875,3
SENP3_S22,SENP3,30,3.2013333333333334,2.6950000000000003,3.3723589751791354,1.68,21.0,2.585,2.7275,4
SENP3_S23,SENP3,30,3.0733333333333333,2.585,3.58668739044562,1.85,22.0,2.355,2.62,6
SENP3_S24,SENP3,30,2.4093333333333335,1.9449999999999998,3.933250768663931,0.16,23.0,1.8375000000000001,2.0075,6
SENP3_S25,SENP3,30,2.433666666666667,1.7349999999999999,4.077881027955685,0.71,24.0,1.71,1.76,4
SENP3_S26,SENP3,30,2.0343333333333335,1.75,4.416496257827272,0.12,25.0,0.225,1.9725,1
SENP3_S27,SENP3,30,2.984666666666667,2.23,4.3495610030829805,1.68,26.0,2.1825,2.2875,4
SENP3_S28,SENP3,30,2.948,2.27,4.554697764302031,1.3,27.0,2.1725000000000003,2.3075,6
SENP3_S29,SENP3,30,2.603333333333333,1.7850000000000001,4.809835708236809,0.56,28.0,1.66,1.9725,4
SENP3_S3,SENP3,30,1.8986666666666667,1.95,0.11461279140664445,1.59,2.0,1.8725,1.97,4
SENP3_S30,SENP3,30,2.5746666666666664,1.665,4.9922924962201565,1.22,29.0,1.6225,1.77,2
SENP3_S31,SENP3,30,2.454,1.625,5.216229051454833,0.41,30.0,1.5575,1.6875,4
SENP3_S32,SENP3,30,2.192333333333333,1.18,5.4468596984604485,0.44,31.0,1.12,1.2525,7
SENP3_S33,SENP3,30,2.8056666666666668,2.04,5.538109152816126,0.63,32.0,1.9,2.1,6
SENP3_S34,SENP3,30,3.351,2.33,5.600768635673575,2.09,33.0,2.3,2.41,4
SENP3_S35,SENP3,30,2.835,1.9,5.89281546783293,0.9,34.0,1.66,1.9675,2
SENP3_S36,SENP3,30,2.9836666666666667,2.005,6.057858665336738,0.78,35.0,1.9625,2.04,5
SENP3_S37,SENP3,30,2.79,1.775,6.288348283765063,0.05,36.0,1.66,1.8575000000000002,3
SENP3_S38,SENP3,30,2.5446666666666666,1.43,6.511960737264788,0.46,37.0,1.3924999999999998,1.45,4
SENP3_S39,SENP3,30,2.3053333366666666,1.11,6.7429046907806525,0.71,38.0,1.03,1.185,3
SENP3_S4,SENP3,30,1.4029999999999998,1.53,0.6990888158265679,0.17,3.0,0.9575,1.94,0
SENP3_S40,SENP3,30,2.274,1.04,6.937617398820276,0.4,39.0,1.02,1.0675000000000001,4
SENP3_S41,SENP3,30,2.7486666666666664,1.505,7.038540568422783,0.48,40.0,1.435,1.5675000000000001,2
SENP3_S42,SENP3,30,2.45066667,0.9299999999999999,7.293118594974528,0.52,41.0,0.8150000000000001,1.54,1
SENP3_S43,SENP3,30,2.948,1.615,7.393756639312611,0.28,42.0,1.3425,2.0825,1
SENP3_S44,SENP3,30,3.477333333333333,2.245,7.472847370051924,1.03,43.0,2.0825,2.3075,4
SENP3_S45,SENP3,30,1.951,0.51,7.942331087498699,0.26,44.0,0.4925,0.53,7
SENP3_S46,SENP3,30,2.8190000000000004,1.53,7.97546857341418,0.22,45.0,1.48,1.55,6
SENP3_S47,SENP3,30,3.844333333333333,2.455,7.967642182855791,0.89,46.0,2.44,2.4975,3
SENP3_S48,SENP3,30,2.579333333333333,1.07,8.391384306222225,0.34,47.0,1.0325,1.1475,4
SENP3_S49,SENP3,30,2.5320000066666664,0.9700001,8.594798104738343,0.33,48.0,0.8275,1.23,1
SENP3_S5,SENP3,30,2.1540000000000004,2.18,0.49438641873991923,0.6,4.0,2.105,2.2575,3
SENP3_S50,SENP3,30,2.8863333333333334,1.4,8.714986886781967,0.37,49.0,1.3325,1.48,4
SENP3_S51,SENP3,30,3.3096666666666668,1.78,8.82125039355233,1.06,50.0,1.6175000000000002,1.84,3
SENP3_S52,SENP3,30,2.5636666666666668,0.35,9.185976374562639,0.29,51.0,0.34,2.02,1
SENP3_S53,SENP3,30,3.5050000000000003,1.875,9.163517149638789,0.95,52.0,1.7425,2.04,3
SENP3_S54,SENP3,30,2.8650000033333334,1.1549999999999998,9.469259064378287,0.9700001,53.0,1.0925,1.1875,1
SENP3_S55,SENP3,1,54.0,54.0,,54.0,54.0,54.0,54.0,0
SENP3_S56,SENP3,1,55.0,55.0,,55.0,55.0,55.0,55.0,0
SENP3_S57,SENP3,1,56.0,56.0,,56.0,56.0,56.0,56.0,0
SENP3_S58,SENP3,1,57.0,57.0,,57.0,57.0,57.0,57.0,0
SENP3_S59,SENP3,1,58.0,58.0,,58.0,58.0,58.0,58.0,0
SENP3_S6,SENP3,30,1.52,1.495,0.9280271993635857,0.36,5.0,0.85,2.04,1
SENP3_S60,SENP3,1,59.0,59.0,,59.0,59.0,59.0,59.0,0
SENP3_S61,SENP3,1,60.0,60.0,,60.0,60.0,60.0,60.0,0
SENP3_S7,SENP3,30,0.7286666666666667,0.42,1.0922919065869718,0.09,6.0,0.14,0.8875,1
SENP3_S8,SENP3,30,1.6313333333333333,1.57,1.056633343685739,0.62,7.0,1.4024999999999999,1.64,5
SENP3_S9,SENP3,30,1.28833334,0.985,1.3141696806851786,0.36,8.0,0.8925000000000001,1.39,1
SENP4_S10,SENP4,30,2.177333333333333,2.09,1.3380194662089275,0.89,9.0,2.0324999999999998,2.1475,6
SENP4_S11,SENP4,30,1.261,0.87,1.7084240570246867,0.2,10.0,0.7725,1.085,4
SENP4_S12,SENP4,30,1.924,1.615,1.7163505790906552,1.36,11.0,1.55,1.6975,1
SENP4_S13,SENP4,30,2.4766666666666666,2.215,1.8064354943928385,1.64,12.0,2.1149999999999998,2.26,4
SENP4_S14,SENP4,30,1.002,0.59,2.266264433546672,0.52,13.0,0.5725,0.6074999999999999,3
SENP4_S15,SENP4,30,2.9223333333333334,2.775,2.2163665253546494,0.23,14.0,2.73,2.8375,4
SENP4_S16,SENP4,30,1.7119999966666666,1.5350000000000001,2.552389550789477,0.0,15.0,0.935,1.6,1
SENP4_S17,SENP4,30,2.1126666666666667,1.71,2.6419297196704843,0.76,16.0,1.5725,1.8699999999999999,3
SENP4_S18,SENP4,30,2.3193333333333332,1.82,2.772991579296731,1.74,17.0,1.79,1.84,1
SENP4_S19,SENP4,30,2.3296666666666668,1.99,2.975278003044808,1.27,18.0,1.4475,2.0175,1
SENP4_S2,SENP4,30,1.6766666666666665,1.76,0.31540158674226765,1.0,2.07,1.375,1.9475,0
SENP4_S20,SENP4,30,1.668,1.08,3.274323725911805,0.81,19.0,1.0325,1.1275,2
SENP4_S21,SENP4,30,2.6550000000000002,2.135,3.2855532783425665,1.1,20.0,2.09,2.1675,5
SENP4_S22,SENP4,30,3.0106666666666664,2.51,3.4132338123063395,1.61,21.0,2.1225,2.6825,1
SENP4_S23,SENP4,30,2.5930000000000004,2.05,3.687731898026772,0.47,22.0,1.9525,2.11,4
SENP4_S24,SENP4,30,1.93,1.165,3.9876161749371875,0.65,23.0,1.0425,1.4475,1
SENP4_S25,SENP4,30,2.739,2.02,4.018563261870487,1.36,24.0,2.01,2.1075,4
SENP4_S26,SENP4,30,2.6786666666666665,2.18,4.26182390397653,0.24,25.0,2.0,2.2824999999999998,7
SENP4_S27,SENP4,30,2.758,2.07,4.3978289314552494,1.28,26.0,2.025,2.1,7
SENP4_S28,SENP4,30,2.6873333333333336,1.995,4.613194669366475,0.85,27.0,1.9525,2.1325000000000003,6
SENP4_S29,SENP4,30,1.9640000033333334,1.08,4.918708548618049,0.76,28.0,1.0150000000000001,1.15,3
SENP4_S3,SENP4,30,2.056,2.05,0.056177059988624364,1.95,2.17,2.02,2.0875,0
SENP4_S30,SENP4,30,2.0313333333333334,1.275,5.10328138745457,0.53,29.0,0.9225,1.33,1
SENP4_S31,SENP4,30,2.7336666666666667,2.135,5.194358002436033,0.44,30.0,2.05,2.1750000000000003,7
SENP4_S32,SENP4,30,2.251,1.3,5.432728627938965,0.84,31.0,1.12,1.4275,1
SENP4_S33,SENP4,30,3.0603333333333333,2.275,5.475971640019592,1.4,32.0,1.6875,2.3175,1
SENP4_S34,SENP4,30,3.3273333333333333,2.4,5.607192384498824,1.86,33.0,2.2225,2.44,2
SENP4_S35,SENP4,30,1.6493333333333333,0.535,6.111390119719269,0.23,34.0,0.46,0.655,1
SENP4_S36,SENP4,30,2.9596666666666667,1.875,6.054405909710732,1.02,35.0,1.8325,1.9475,3
SENP4_S37,SENP4,30,3.2613333333333334,2.165,6.18531505251354,1.43,36.0,2.1325,2.21,4
SENP4_S38,SENP4,30,2.0669999999999997,0.86,6.597880093191898,0.81,37.0,0.8425,0.88,2
SENP4_S39,SENP4,30,2.631333333333333,1.365,6.68146315450871,1.13,38.0,1.31,1.5750000000000002,1
SENP4_S4,SENP4,30,1.1976666666666667,1.295,0.7816326120562557,0.0,3.0,0.5025,1.8425,0
SENP4_S40,SENP4,30,2.03,0.76,6.982549183747169,0.71,39.0,0.74,0.77,1
SENP4_S41,SENP4,30,2.58066667,1.395,7.0712174885588945,0.43,40.0,1.205,1.4475,2
SENP4_S42,SENP4,30,2.6566666666666667,1.165,7.2535115554507446,0.32,41.0,1.0750000000000002,1.6675,1
SENP4_S43,SENP4,30,2.7943333333333333,1.1749999999999998,7.421170873011671,0.29,42.0,1.105,2.0175,1
SENP4_S44,SENP4,30,3.116333333333333,1.725,7.553042083335938,0.26,43.0,1.5425,2.2125,2
SENP4_S45,SENP4,30,2.4136666666666664,1.11,7.859973011857385,0.19,44.0,0.715,1.15,1
SENP4_S46,SENP4,30,2.771666666666667,1.58,7.993100077602853,0.27,45.0,1.3075,1.66,8
SENP4_S47,SENP4,30,3.966,2.4450000000000003,7.944256914969107,1.59,46.0,2.41,2.645,4
SENP4_S48,SENP4,30,3.1926666666666668,1.71,8.2748834488441,1.12,47.0,1.6524999999999999,1.7575,2
SENP4_S49,SENP4,30,3.0469999999999997,1.38,8.492403156899133,1.3,48.0,1.35,1.705,1
SENP4_S5,SENP4,30,1.74,1.67,0.43906640767067073,1.41,4.0,1.5925,1.7375,1
SENP4_S50,SENP4,30,2.9219999999999997,1.7,8.733532050033682,0.05,49.0,0.6025,2.0175,1
SENP4_S51,SENP4,30,2.799,1.255,8.916903494545318,0.59,50.0,1.1225,1.2975,4
SENP4_S52,SENP4,30,3.437,2.135,9.011249348874227,0.27,51.0,1.4,2.3525,1
SENP4_S53,SENP4,30,3.6666666666666665,2.44,9.16286633866444,0.3,52.0,2.2024999999999997,2.4675000000000002,8
SENP4_S54,SENP4,30,2.2703333333333333,0.57,9.583086207708234,0.2,53.0,0.43,0.59,3
SENP4_S55,SENP4,1,54.0,54.0,,54.0,54.0,54.0,54.0,0
SENP4_S56,SENP4,1,55.0,55.0,,55.0,55.0,55.0,55.0,0
SENP4_S57,SENP4,1,56.0,56.0,,56.0,56.0,56.0,56.0,0
SENP4_S58,SENP4,1,57.0,57.0,,57.0,57.0,57.0,57.0,0
SENP4_S59,SENP4,1,58.0,58.0,,58.0,58.0,58.0,58.0,0
SENP4_S6,SENP4,30,2.2439999999999998,2.215,0.7094660449701009,0.53,5.0,2.1275,2.4475000000000002,3
SENP4_S60,SENP4,1,59.0,59.0,,59.0,59.0,59.0,59.0,0
SENP4_S61,SENP4,1,60.0,60.0,,60.0,60.0,60.0,60.0,0
SENP4_S7,SENP4,30,1.3619999999999999,1.35,1.1613262335320147,0.08,6.0,0.485,2.0,1
SENP4_S8,SENP4,30,2.2933333333333334,2.205,0.9218771454290251,1.28,7.0,2.19,2.23,5
SENP4_S9,SENP4,30,1.911,1.71,1.1536429555826695,1.4,8.0,1.645,1.7775,2
SENP5_S10,SENP5,30,1.3820000000000001,1.16,1.446380500326293,0.71,9.0,1.12,1.1975,5
SENP5_S11,SENP5,30,1.0926666666666667,0.785,1.6859151476445877,0.53,10.0,0.69,0.9,1
SENP5_S12,SENP5,30,1.9456666666666667,1.66,1.711080891159724,1.49,11.0,1.6324999999999998,1.6675,6
SENP5_S13,SENP5,30,1.7340000000000002,1.71,2.0008353427919845,0.62,12.0,0.78,1.76,1
SENP5_S14,SENP5,30,0.8933333333333333,0.4,2.3070093094790467,0.32,13.0,0.3825,0.43,3
SENP5_S15,SENP5,30,1.7340000000000002,1.38,2.3356821347269747,0.6,14.0,1.1775,1.5075,2
SENP5_S16,SENP5,30,2.227,1.97,2.4593763577308616,0.54,15.0,1.8725,2.05,5
SENP5_S17,SENP5,30,1.621,1.275,2.7449380999238935,0.56,16.0,0.68,1.54,1
SENP5_S18,SENP5,30,2.0073333333333334,1.51,2.8323731165339723,1.36,17.0,1.4625,1.54,1
SENP5_S19,SENP5,30,1.3293333333333335,0.765,3.1492877501640475,0.61,18.0,0.7,0.8075000000000001,1
SENP5_S2,SENP5,30,1.227,1.24,0.16229283877374684,0.82,1.53,1.1300000000000001,1.3375000000000001,0
SENP5_S20,SENP5,30,1.5456666666666665,0.95,3.3007634261489107,0.75,19.0,0.7825,1.145,1
SENP5_S21,SENP5,30,2.2819999999999996,1.8050000000000002,3.370190212579331,0.53,20.0,1.6925,1.9175,5
SENP5_S22,SENP5,30,2.6069999999999998,2.11,3.492483702724051,0.5,21.0,1.9975,2.15,5
SENP5_S23,SENP5,30,2.921,2.56,3.6679397110827665,0.49,22.0,2.5,2.5975,6
SENP5_S24,SENP5,30,2.6136666666666666,2.005,3.8673741277096743,0.53,23.0,1.9249999999999998,2.06,3
SENP5_S25,SENP5,30,1.6246666633333333,0.9,4.2275506351077565,0.57,24.0,0.8525,0.9275,6
SENP5_S26,SENP5,30,2.4156666666666666,1.775,4.281653469955457,0.56,25.0,1.5475,1.8625,4
SENP5_S27,SENP5,30,2.1606666666666663,1.395,4.508265920417228,0.67,26.0,1.37,1.45,4
SENP5_S28,SENP5,30,1.76966666,0.92,4.765564325922076,0.74,27.0,0.8825000000000001,0.94,4
SENP5_S29,SENP5,30,2.405666666666667,1.51,4.840564004850828,1.08,28.0,1.3824999999999998,1.6075000000000002,3
SENP5_S3,SENP5,30,1.537,1.53,0.1660525467310335,1.02,2.0,1.48,1.6475,2
SENP5_S30,SENP5,30,1.9466666666666665,1.07,5.111613102118266,0.58,29.0,1.01,1.09,5
SENP5_S31,SENP5,30,1.8636666633333334,0.985,5.318193551377227,0.63,30.0,0.6625000000000001,1.03,1
SENP5_S32,SENP5,30,2.118666666666667,1.1349999999999998,5.458024610028628,0.55,31.0,1.105,1.1775,9
SENP5_S33,SENP5,30,2.1756666666666664,1.1749999999999998,5.633728895178381,0.85,32.0,1.17,1.19,4
SENP5_S34,SENP5,30,2.938,2.23,5.717549752508831,0.42,33.0,2.11,2.2875,7
SENP5_S35,SENP5,30,3.1109999999999998,2.14,5.839105594004191,0.89,34.0,2.0575,2.1575,5
SENP5_S36,SENP5,30,2.4356666666666666,1.38,6.154305856448202,0.54,35.0,1.37,1.3975,7
SENP5_S37,SENP5,30,2.5606666666666666,2.04,6.372727956628574,0.49,36.0,0.53,2.2575,1
SENP5_S38,SENP5,30,1.8876666666666668,0.46,6.6483395299689025,0.34,37.0,0.4425,0.46,12
SENP5_S39,SENP5,30,2.454333333333333,1.29,6.715079111318373,0.78,38.0,1.2325,1.32,6
SENP5_S4,SENP5,30,1.51933333,1.19,0.6371484636856718,0.76,3.0,1.1,2.0075,0
SENP5_S40,SENP5,30,1.8393333333333333,0.415,7.029536176062735,0.3,39.0,0.4,0.43,9
SENP5_S41,SENP5,30,2.8449999999999998,1.71,7.02475904605791,0.61,40.0,1.495,1.77,4
SENP5_S42,SENP5,30,2.4320000000000004,1.11,7.2866961436343125,0.67,41.0,1.0025,1.2475,1
SENP5_S43,SENP5,30,2.7453333333333334,1.53,7.42065139502165,0.71,42.0,1.2774999999999999,1.6275,2
SENP5_S44,SENP5,30,2.447666666666667,1.105,7.663810020021926,0.57,43.0,0.9425,1.2875,1
SENP5_S45,SENP5,30,2.5686666666666667,1.315,7.832508178598736,0.42,44.0,0.8325,1.3475000000000001,1
SENP5_S46,SENP5,30,2.4709999999999996,1.07,8.035443617992167,0.48,45.0,1.04,1.105,11
SENP5_S47,SENP5,30,3.4363333333333332,1.95,8.049520646826005,0.5,46.0,1.7725,2.3275,2
SENP5_S48,SENP5,30,3.582333333333333,2.1950000000000003,8.205916571694425,0.88,47.0,2.0575,2.27,3
SENP5_S49,SENP5,30,2.561,0.55,8.609871379551134,0.28,48.0,0.3825,1.8575000000000002,1
SENP5_S5,SENP5,30,1.8323333333333334,1.9249999999999998,0.5755338351498536,0.84,4.0,1.8025,1.995,6
SENP5_S50,SENP5,30,3.3646666666666665,2.0149999999999997,8.634497263217225,0.38,49.0,1.9725,2.04,7
SENP5_S51,SENP5,30,2.7920000000000003,1.23,8.918142067215262,0.53,50.0,1.145,1.2775,3
SENP5_S52,SENP5,30,2.898,1.76,9.117624993233784,0.32,51.0,0.41,1.935,1
SENP5_S53,SENP5,30,2.8613333333333335,1.1949999999999998,9.283640684980007,0.46,52.0,1.1349999999999998,1.3275000000000001,4
SENP5_S54,SENP5,30,2.63933332,0.94,9.512114214411254,0.61,53.0,0.905,0.9599999,5
SENP5_S55,SENP5,1,54.0,54.0,,54.0,54.0,54.0,54.0,0
SENP5_S56,SENP5,1,55.0,55.0,,55.0,55.0,55.0,55.0,0
SENP5_S57,SENP5,1,56.0,56.0,,56.0,56.0,56.0,56.0,0
SENP5_S58,SENP5,1,57.0,57.0,,57.0,57.0,57.0,57.0,0
SENP5_S59,SENP5,1,58.0,58.0,,58.0,58.0,58.0,58.0,0
SENP5_S6,SENP5,30,2.3310000000000004,2.4050000000000002,0.6747226761086159,0.7,5.0,2.3075,2.4425,5
SENP5_S60,SENP5,1,59.0,59.0,,59.0,59.0,59.0,59.0,0
SENP5_S61,SENP5,1,60.0,60.0,,60.0,60.0,60.0,60.0,0
SENP5_S7,SENP5,30,1.5273333333333334,1.335,0.8798625807019752,1.03,6.0,1.16,1.61,1
SENP5_S8,SENP5,30,1.3270000000000002,1.2650000000000001,1.114135353629395,0.66,7.0,0.805,1.38,1
SENP5_S9,SENP5,30,1.022,0.715,1.333753841735733,0.61,8.0,0.6625000000000001,0.7875000000000001,5
SEN_V_S10,SEN_V,30,2.3466666666666667,2.12,1.2571734396936902,2.0,9.0,2.0925,2.15,2
SEN_V_S11,SEN_V,30,2.4016666666666664,2.145,1.4354672033710913,2.05,10.0,2.13,2.1675,2
SEN_V_S12,SEN_V,30,2.3213333333333335,2.035,1.6981749500329875,1.25,11.0,1.6775,2.4675000000000002,1
SEN_V_S13,SEN_V,30,2.744666666666667,2.42,1.8028133824536647,1.49,12.0,2.0975,2.86,1
SEN_V_S14,SEN_V,30,2.81,2.5,1.9296328040901176,1.97,13.0,2.4525,2.53,4
SEN_V_S15,SEN_V,30,2.6253333333333333,2.2649999999999997,2.1515010531276055,1.89,14.0,2.1875,2.31,2
SEN_V_S16,SEN_V,30,3.0006666666666666,2.645,2.276353607664336,1.53,15.0,2.5575,2.68,2
SEN_V_S17,SEN_V,30,2.6536666666666666,2.385,2.5616447886052636,1.38,16.0,1.7925,2.65,1
SEN_V_S18,SEN_V,30,2.5963333333333334,2.17,2.7266456382855497,1.67,17.0,2.0075,2.245,1
SEN_V_S19,SEN_V,30,1.9543333333333335,1.315,3.0462262502670563,0.95,18.0,1.1225,1.71,1
SEN_V_S2,SEN_V,30,2.6416666666666666,2.705,0.3928067291134173,1.0,3.01,2.5575,2.895,2
SEN_V_S20,SEN_V,30,2.7,2.14,3.078641661960453,2.09,19.0,2.1225,2.15,1
SEN_V_S21,SEN_V,30,3.1763333333333335,2.625,3.1807367215715967,2.05,20.0,2.5675,2.6950000000000003,3
SEN_V_S22,SEN_V,30,3.207,2.645,3.367523545216308,1.48,21.0,2.62,2.6675,4
SEN_V_S23,SEN_V,30,3.569666666666667,2.96,3.4838538741014884,2.25,22.0,2.9,3.015,2
SEN_V_S24,SEN_V,30,2.688,2.03,3.88063752316638,1.1,23.0,1.3975,2.6149999999999998,1
SEN_V_S25,SEN_V,30,2.972666666666667,2.3449999999999998,3.99134661688157,1.47,24.0,1.9725,2.625,1
SEN_V_S26,SEN_V,30,2.8506666666666667,2.18,4.191505312129426,1.39,25.0,2.065,2.2675,5
SEN_V_S27,SEN_V,30,2.8766666666666665,2.075,4.36794857028373,1.92,26.0,2.0225,2.165,1
SEN_V_S28,SEN_V,30,2.8603333333333336,2.245,4.5792270717570505,1.19,27.0,1.5675,2.4275,1
SEN_V_S29,SEN_V,30,3.4459999999999997,2.63,4.638304981719967,2.25,28.0,2.5925,2.64,5
SEN_V_S3,SEN_V,30,1.6633333333333333,1.625,0.1506384878541619,1.4,2.0,1.5725,1.685,6
SEN_V_S30,SEN_V,30,3.216666666666667,2.33,4.86991703769407,2.23,29.0,2.3024999999999998,2.36,1
SEN_V_S31,SEN_V,30,3.022,2.175,5.103090611884473,1.39,30.0,2.065,2.305,5
SEN_V_S32,SEN_V,30,3.1943333333333332,2.2649999999999997,5.252551881168602,1.83,31.0,2.2,2.28,3
SEN_V_S33,SEN_V,30,2.6966666666666668,1.8250000000000002,5.546012754336613,1.16,32.0,1.3225,1.995,1
SEN_V_S34,SEN_V,30,3.6086666666666667,2.62,5.5524096870938235,2.03,33.0,2.6,2.6475,4
SEN_V_S35,SEN_V,30,3.3526666666666665,2.32,5.789141996658163,1.84,34.0,2.3,2.3375,4
SEN_V_S36,SEN_V,30,3.3233333333333333,2.2649999999999997,5.985001560414242,1.42,35.0,2.23,2.3,3
SEN_V_S37,SEN_V,30,3.3543333333333334,2.2199999999999998,6.168454052864369,1.6,36.0,2.1625,2.345,2
SEN_V_S38,SEN_V,30,2.9366666666666665,1.885,6.443841932463482,0.71,37.0,1.7925,1.9575,4
SEN_V_S39,SEN_V,30,2.9376666666666664,1.65,6.628827161740596,1.38,38.0,1.53,1.7975,6
SEN_V_S4,SEN_V,30,2.064,2.2649999999999997,0.45858553144988395,1.42,3.0,1.5775000000000001,2.43,0
SEN_V_S40,SEN_V,30,2.7296666666666667,1.45,6.8534267710209855,1.15,39.0,1.35,1.63,1
SEN_V_S41,SEN_V,30,3.604,2.355,6.874162318872526,2.28,40.0,2.3325,2.3675,1
SEN_V_S42,SEN_V,30,3.383,2.0999999999999996,7.1070766821188345,1.83,41.0,1.915,2.2475,1
SEN_V_S43,SEN_V,30,2.994666666666667,1.52,7.374766265534411,1.11,42.0,1.395,1.9449999999999998,1
SEN_V_S44,SEN_V,30,4.099666666666667,2.775,7.348052279267655,2.18,43.0,2.75,2.82,2
SEN_V_S45,SEN_V,30,2.9069999999999996,1.5350000000000001,7.7635723869167705,0.87,44.0,1.495,1.5875000000000001,5
SEN_V_S46,SEN_V,30,2.8906666666666667,1.44,7.953939788615421,1.24,45.0,1.34,1.5550000000000002,1
SEN_V_S47,SEN_V,30,3.376,1.9249999999999998,8.055372848238493,0.67,46.0,1.8525,1.9975,6
SEN_V_S48,SEN_V,30,3.8699999999999997,2.37,8.14610463286933,2.31,47.0,2.36,2.415,2
SEN_V_S49,SEN_V,30,3.792666666666667,2.26,8.349478172145036,2.23,48.0,2.25,2.28,2
SEN_V_S5,SEN_V,30,2.3556666666666666,2.4,0.37365559777303803,1.54,4.0,2.2824999999999998,2.44,4
SEN_V_S50,SEN_V,30,4.057666666666667,2.545,8.489576035607895,1.79,49.0,2.5124999999999997,2.57,3
SEN_V_S51,SEN_V,30,3.232666666666667,1.725,8.839843161868698,1.02,50.0,1.25,1.9075,1
SEN_V_S52,SEN_V,30,3.6493333333333333,2.075,8.948080485099364,0.91,51.0,1.9124999999999999,2.2475,2
SEN_V_S53,SEN_V,30,3.811,2.17,9.101851403177118,1.93,52.0,2.0825,2.225,1
SEN_V_S54,SEN_V,30,3.3489999999999998,1.65,9.377640078840509,1.55,53.0,1.6125,1.66,1
SEN_V_S55,SEN_V,1,54.0,54.0,,54.0,54.0,54.0,54.0,0
SEN_V_S56,SEN_V,1,55.0,55.0,,55.0,55.0,55.0,55.0,0
SEN_V_S57,SEN_V,1,56.0,56.0,,56.0,56.0,56.0,56.0,0
SEN_V_S58,SEN_V,1,57.0,57.0,,57.0,57.0,57.0,57.0,0
SEN_V_S59,SEN_V,1,58.0,58.0,,58.0,58.0,58.0,58.0,0
SEN_V_S6,SEN_V,30,2.8503333333333334,2.8,0.4125821408986407,2.49,5.0,2.76,2.82,3
SEN_V_S60,SEN_V,1,59.0,59.0,,59.0,59.0,59.0,59.0,0
SEN_V_S61,SEN_V,1,60.0,60.0,,60.0,60.0,60.0,60.0,0
SEN_V_S7,SEN_V,30,2.8216666666666668,2.745,0.6107038524541161,2.31,6.0,2.7125,2.7675,3
SEN_V_S8,SEN_V,30,2.1126666666666667,1.955,0.9250533380086358,1.81,7.0,1.9124999999999999,1.9975,1
SEN_V_S9,SEN_V,30,2.768666666666667,2.635,1.0036991352108402,2.01,8.0,2.49,2.7425,2
SEN_SP1_S10,SEN_SP1,30,1.9556666666666667,1.71,1.3307288211361095,1.66,9.0,1.7,1.7375,1
SEN_SP1_S11,SEN_SP1,30,1.9586666666666666,1.68,1.5201218946889237,1.57,10.0,1.65,1.7175,2
SEN_SP1_S12,SEN_SP1,30,1.6793333333333333,1.3450000000000002,1.7689738567166917,1.03,11.0,1.2325,1.48,1
SEN_SP1_S13,SEN_SP1,30,2.3366666666666664,2.005,1.8256984177688484,1.92,12.0,1.9725,2.0375,1
SEN_SP1_S14,SEN_SP1,30,1.3829999966666666,1.0350000000000001,2.205816996853297,0.57,13.0,0.8674999999999999,1.1675,1
SEN_SP1_S15,SEN_SP1,30,1.7363333333333335,1.39,2.326396478400155,0.77,14.0,1.3,1.4849999999999999,6
SEN_SP1_S16,SEN_SP1,30,2.436,2.0199999999999996,2.375675003896352,1.75,15.0,1.9,2.1075,1
SEN_SP1_S17,SEN_SP1,30,2.1636666666666664,1.71,2.6154098819448377,1.19,16.0,1.69,1.74,4
SEN_SP1_S18,SEN_SP1,30,2.4233333333333333,1.93,2.7536024471193388,1.83,17.0,1.89,1.97,1
SEN_SP1_S19,SEN_SP1,30,1.7020000033333333,1.18,3.0809608882541375,0.92,18.0,1.0275,1.275,1
SEN_SP1_S2,SEN_SP1,30,2.332666666666667,2.425,0.29108516745558105,1.0,2.54,2.3725,2.45,5
SEN_SP1_S20,SEN_SP1,30,2.088,1.5,3.1944114994136563,1.44,19.0,1.48,1.53,1
SEN_SP1_S21,SEN_SP1,30,3.1146666666666665,2.535,3.1896629735847446,2.41,20.0,2.51,2.57,2
SEN_SP1_S22,SEN_SP1,30,1.73833333,1.085,3.639600285093526,0.67,21.0,1.0325,1.1549999999999998,2
SEN_SP1_S23,SEN_SP1,30,1.9873333333333332,1.32,3.7814820423719597,0.94,22.0,1.205,1.3824999999999998,1
SEN_SP1_S24,SEN_SP1,30,2.277,1.5950000000000002,3.9146199445597305,1.4,23.0,1.5125,1.62,1
SEN_SP1_S25,SEN_SP1,30,1.7063333366666666,0.97500005,4.213871577668541,0.62,24.0,0.81,1.0550000000000002,1
SEN_SP1_S26,SEN_SP1,30,2.634,1.8650000000000002,4.225233394900135,1.71,25.0,1.8,1.9275,1
SEN_SP1_S27,SEN_SP1,30,3.0709999999999997,2.325,4.334053092302464,1.7,26.0,2.225,2.3850000000000002,3
SEN_SP1_S28,SEN_SP1,30,2.0460000000000003,1.1749999999999998,4.715598912486968,0.87,27.0,1.0950000000000002,1.3450000000000002,1
SEN_SP1_S29,SEN_SP1,30,2.731666666666667,1.87,4.772571116020301,1.76,28.0,1.8425,1.89,3
SEN_SP1_S3,SEN_SP1,30,2.4233333333333333,2.475,0.13217891045025343,2.0,2.57,2.4025,2.4975,4
SEN_SP1_S30,SEN_SP1,30,2.8866666666666663,1.9849999999999999,4.932297033126504,1.9,29.0,1.9525,2.0375,1
SEN_SP1_S31,SEN_SP1,30,1.9400000066666665,0.995,5.300439798317325,0.66,30.0,0.95,1.0375,3
SEN_SP1_S32,SEN_SP1,30,2.5323333333333333,1.565,5.377353972645509,1.37,31.0,1.4875,1.62,1
SEN_SP1_S33,SEN_SP1,30,2.9896666666666665,1.99,5.479671827156562,1.84,32.0,1.9525,2.0475,1
SEN_SP1_S34,SEN_SP1,30,2.8819999999999997,1.935,5.690764084204244,1.56,33.0,1.6724999999999999,1.9975,1
SEN_SP1_S35,SEN_SP1,30,3.1293333333333333,2.15,5.834001958396544,1.48,34.0,2.0425,2.1875,5
SEN_SP1_S36,SEN_SP1,30,2.8766666666666665,1.77,6.067203146672156,1.7,35.0,1.75,1.79,1
SEN_SP1_S37,SEN_SP1,30,3.0133333333333336,1.8450000000000002,6.231538434798248,1.61,36.0,1.7925,2.0125,1
SEN_SP1_S38,SEN_SP1,30,2.856666666666667,1.6949999999999998,6.449071215316969,1.43,37.0,1.66,1.7375,2
SEN_SP1_S39,SEN_SP1,30,2.6516666666666664,1.495,6.678448654948365,1.09,38.0,1.3450000000000002,1.5775000000000001,1
SEN_SP1_S4,SEN_SP1,30,1.558,1.54,0.3065312044643168,1.25,3.0,1.41,1.6175000000000002,1
SEN_SP1_S40,SEN_SP1,30,2.801333333333333,1.585,6.839503779809101,1.2,39.0,1.435,1.6675,1
SEN_SP1_S41,SEN_SP1,30,2.5506666666666664,1.27,7.073196581819105,1.15,40.0,1.2425,1.2975,2
SEN_SP1_S42,SEN_SP1,30,3.0513333333333335,1.79,7.1685831492573255,1.33,41.0,1.725,1.8275000000000001,4
SEN_SP1_S43,SEN_SP1,30,2.587,1.26,7.444727896187736,0.98,42.0,1.1624999999999999,1.3075,1
SEN_SP1_S44,SEN_SP1,30,3.4763333333333337,2.13,7.465084928418815,1.95,43.0,2.1,2.1475,5
SEN_SP1_S45,SEN_SP1,30,2.2939999999999996,0.875,7.877519564103132,0.68,44.0,0.77,0.93,1
SEN_SP1_S46,SEN_SP1,30,3.185,1.74,7.897692264418023,1.67,45.0,1.7125,1.7775,1
SEN_SP1_S47,SEN_SP1,30,3.091,1.69,8.107500720384458,0.98,46.0,1.59,1.7475,6
SEN_SP1_S48,SEN_SP1,30,3.1966666666666668,1.6549999999999998,8.27379383159963,1.56,47.0,1.59,1.7975,1
SEN_SP1_S49,SEN_SP1,30,3.4133333333333336,1.89,8.421249122405131,1.78,48.0,1.8425,1.92,1
SEN_SP1_S5,SEN_SP1,30,2.1006666666666667,2.035,0.36129969729349026,1.93,4.0,2.01,2.08,1
SEN_SP1_S50,SEN_SP1,30,3.1696666666666666,1.61,8.6564659840684,1.33,49.0,1.57,1.66,3
SEN_SP1_S51,SEN_SP1,30,2.9033333333333333,1.31,8.896139159996485,0.68,50.0,1.28,1.3450000000000002,3
SEN_SP1_S52,SEN_SP1,30,3.0223333333333335,1.375,9.063786102162116,0.98,51.0,1.23,1.5350000000000001,1
SEN_SP1_S53,SEN_SP1,30,3.067333333333333,1.39,9.242017966437524,1.3,52.0,1.35,1.41,2
SEN_SP1_S54,SEN_SP1,30,2.8959999966666667,1.25,9.466172296360668,0.39,53.0,1.1925,1.3,7
SEN_SP1_S55,SEN_SP1,1,54.0,54.0,,54.0,54.0,54.0,54.0,0
SEN_SP1_S56,SEN_SP1,1,55.0,55.0,,55.0,55.0,55.0,55.0,0
SEN_SP1_S57,SEN_SP1,1,56.0,56.0,,56.0,56.0,56.0,56.0,0
SEN_SP1_S58,SEN_SP1,1,57.0,57.0,,57.0,57.0,57.0,57.0,0
SEN_SP1_S59,SEN_SP1,1,58.0,58.0,,58.0,58.0,58.0,58.0,0
SEN_SP1_S6,SEN_SP1,30,1.7466666666666666,1.69,0.6277509572814812,1.32,5.0,1.625,1.725,7
SEN_SP1_S60,SEN_SP1,1,59.0,59.0,,59.0,59.0,59.0,59.0,0
SEN_SP1_S61,SEN_SP1,1,60.0,60.0,,60.0,60.0,60.0,60.0,0
SEN_SP1_S7,SEN_SP1,30,1.6696666666666669,1.55,0.8232378603493911,1.27,6.0,1.47,1.5875000000000001,2
SEN_SP1_S8,SEN_SP1,30,1.0166666666666666,0.81,1.1308322639522634,0.71,7.0,0.79,0.84,2
SEN_SP1_S9,SEN_SP1,30,1.1896666633333335,0.97500005,1.3013003670678938,0.54,8.0,0.79,1.0975000000000001,1
SEN_SP2_S10,SEN_SP2,30,1.9336666666666666,1.69,1.335048709774765,1.61,9.0,1.67,1.7075,2
SEN_SP2_S11,SEN_SP2,30,1.644,1.36,1.5784925152466367,1.28,10.0,1.3325,1.38,1
SEN_SP2_S12,SEN_SP2,30,2.1286666666666667,1.835,1.6767101066103218,1.64,11.0,1.8025,1.86,3
SEN_SP2_S13,SEN_SP2,30,2.8133333333333335,2.495,1.7353591168308116,2.43,12.0,2.48,2.53,1
SEN_SP2_S14,SEN_SP2,30,1.663,1.275,2.141990936585352,1.14,13.0,1.25,1.3075,2
SEN_SP2_S15,SEN_SP2,30,1.785,1.4049999999999998,2.309219527802891,1.15,14.0,1.2925,1.45,1
SEN_SP2_S16,SEN_SP2,30,2.2800000000000002,1.83,2.403272194608699,1.74,15.0,1.7925,1.8975,1
SEN_SP2_S17,SEN_SP2,30,1.8663333333333334,1.3849999999999998,2.67011750139659,1.26,16.0,1.3325,1.43,1
SEN_SP2_S18,SEN_SP2,30,2.2233333333333336,1.73,2.7914009995394578,1.53,17.0,1.71,1.75,4
SEN_SP2_S19,SEN_SP2,30,1.828,1.28,3.0549783000527357,1.07,18.0,1.25,1.3,3
SEN_SP2_S2,SEN_SP2,30,1.9393333333333334,1.9649999999999999,0.41599016345576495,0.86,2.55,1.7825,2.26,2
SEN_SP2_S20,SEN_SP2,30,2.630666666666667,2.065,3.0918379015070316,2.0,19.0,2.05,2.09,1
SEN_SP2_S21,SEN_SP2,30,3.21,2.645,3.171628538496729,2.53,20.0,2.5925,2.67,1
SEN_SP2_S22,SEN_SP2,30,2.118333333333333,1.49,3.5695407637913052,1.13,21.0,1.4224999999999999,1.58,4
SEN_SP2_S23,SEN_SP2,30,2.8016666666666667,2.13,3.626699918500368,2.0,22.0,2.0825,2.18,1
SEN_SP2_S24,SEN_SP2,30,1.407,0.62,4.0800668943130045,0.49,23.0,0.5725,0.81,1
SEN_SP2_S25,SEN_SP2,30,2.7046666666666668,1.975,4.022543999745069,1.82,24.0,1.94,2.0175,2
SEN_SP2_S26,SEN_SP2,30,3.0996666666666663,2.3449999999999998,4.136368124861207,2.31,25.0,2.33,2.36,1
SEN_SP2_S27,SEN_SP2,30,2.9366666666666665,2.15,4.356230839434107,1.97,26.0,2.1225,2.17,2
SEN_SP2_S28,SEN_SP2,30,2.2396666666666665,1.395,4.677501162633397,1.19,27.0,1.3425,1.4575,1
SEN_SP2_S29,SEN_SP2,30,2.8186666666666667,1.955,4.756071062759995,1.89,28.0,1.93,1.97,1
SEN_SP2_S3,SEN_SP2,30,1.5173333333333334,1.5350000000000001,0.18203700520599603,0.87,2.0,1.4925,1.5775000000000001,4
SEN_SP2_S30,SEN_SP2,30,2.594,1.6749999999999998,4.987523468097929,1.61,29.0,1.66,1.725,1
SEN_SP2_S31,SEN_SP2,30,2.429333333333333,1.47,5.207597191195487,1.37,30.0,1.44,1.54,1
SEN_SP2_S32,SEN_SP2,30,2.397666666666667,1.42,5.4032836014927925,1.22,31.0,1.32,1.4975,1
SEN_SP2_S33,SEN_SP2,30,2.9896666666666665,1.99,5.479671827156562,1.84,32.0,1.9525,2.0475,1
SEN_SP2_S34,SEN_SP2,30,2.866,1.85,5.692787693576665,1.28,33.0,1.8125,1.8975,3
SEN_SP2_S35,SEN_SP2,30,2.8063333333333333,1.73,5.8915956993888745,1.69,34.0,1.71,1.75,1
SEN_SP2_S36,SEN_SP2,30,2.7383333333333337,1.63,6.093359915307093,1.52,35.0,1.61,1.6575,2
SEN_SP2_S37,SEN_SP2,30,2.795666666666667,1.775,6.280776189312105,0.56,36.0,1.6125,1.84,4
SEN_SP2_S38,SEN_SP2,30,3.030333333333333,1.8650000000000002,6.415971172936645,1.78,37.0,1.83,1.89,1
SEN_SP2_S39,SEN_SP2,30,3.1926666666666668,1.97,6.575589619994143,1.74,38.0,1.8824999999999998,2.1325000000000003,1
SEN_SP2_S4,SEN_SP2,30,1.2806666733333332,1.21,0.3654843995161159,0.9700001,3.0,1.1125,1.3475000000000001,1
SEN_SP2_S40,SEN_SP2,30,3.2736666666666663,2.025,6.748342572162765,1.81,39.0,1.9775,2.1575,1
SEN_SP2_S41,SEN_SP2,30,2.5233333333333334,1.23,7.078329402227392,1.12,40.0,1.21,1.2775,1
SEN_SP2_S42,SEN_SP2,30,2.978333333333333,1.68,7.181352808553522,1.53,41.0,1.6324999999999998,1.71,1
SEN_SP2_S43,SEN_SP2,30,2.8736666666666664,1.5150000000000001,7.390119444386461,1.41,42.0,1.4825,1.5775000000000001,1
SEN_SP2_S44,SEN_SP2,30,3.680333333333333,2.325,7.4264766247172185,2.23,43.0,2.28,2.37,1
SEN_SP2_S45,SEN_SP2,30,2.5296666699999997,1.12,7.832990568972459,0.94,44.0,1.03,1.17,1
SEN_SP2_S46,SEN_SP2,30,2.826,1.38,7.965470568604867,1.29,45.0,1.3525,1.3975,1
SEN_SP2_S47,SEN_SP2,30,3.2996666666666665,1.81,8.065076472405398,1.75,46.0,1.7825,1.855,3
SEN_SP2_S48,SEN_SP2,30,3.109666666666667,1.69,8.296089848935411,1.08,47.0,1.2275,1.9475,1
SEN_SP2_S49,SEN_SP2,30,3.0966666666666667,1.56,8.481098795651965,1.42,48.0,1.5125,1.59,1
SEN_SP2_S5,SEN_SP2,30,1.8043333333333333,1.7349999999999999,0.4152330740043794,1.67,4.0,1.72,1.7475,2
SEN_SP2_S50,SEN_SP2,30,3.5866666666666664,2.03,8.577410723093752,1.91,49.0,1.97,2.06,1
SEN_SP2_S51,SEN_SP2,30,2.963,1.3450000000000002,8.884047365148776,1.2,50.0,1.31,1.38,2
SEN_SP2_S52,SEN_SP2,30,2.771333333333333,1.1,9.109259303448948,0.99,51.0,1.06,1.1425,3
SEN_SP2_S53,SEN_SP2,30,3.603,1.94,9.140748158468854,1.9,52.0,1.9224999999999999,1.9475,1
SEN_SP2_S54,SEN_SP2,30,2.947666666666667,1.2349999999999999,9.453670946664905,1.06,53.0,1.1949999999999998,1.2775,3
SEN_SP2_S55,SEN_SP2,1,54.0,54.0,,54.0,54.0,54.0,54.0,0
SEN_SP2_S56,SEN_SP2,1,55.0,55.0,,55.0,55.0,55.0,55.0,0
SEN_SP2_S57,SEN_SP2,1,56.0,56.0,,56.0,56.0,56.0,56.0,0
SEN_SP2_S58,SEN_SP2,1,57.0,57.0,,57.0,57.0,57.0,57.0,0
SEN_SP2_S59,SEN_SP2,1,58.0,58.0,,58.0,58.0,58.0,58.0,0
SEN_SP2_S6,SEN_SP2,30,1.1196666666666668,0.9450000000000001,0.7531473425168743,0.79,5.0,0.8225,1.1775,1
SEN_SP2_S60,SEN_SP2,1,59.0,59.0,,59.0,59.0,59.0,59.0,0
SEN_SP2_S61,SEN_SP2,1,60.0,60.0,,60.0,60.0,60.0,60.0,0
SEN_SP2_S7,SEN_SP2,30,0.8753333333333333,0.7,0.9682181762297221,0.64,6.0,0.68,0.7175,1
SEN_SP2_S8,SEN_SP2,30,0.9403333333333334,0.73,1.1452193987460952,0.64,7.0,0.71,0.76,2
SEN_SP2_S9,SEN_SP2,30,1.8053333333333332,1.745,1.2160017392607043,0.83,8.0,1.6549999999999998,1.78,7
SEN_GAR1_S10,SEN_GAR1,30,2.607666666666667,2.425,1.2171240362182607,2.13,9.0,2.25,2.53,1
SEN_GAR1_S11,SEN_GAR1,30,1.6703333333333332,1.39,1.5747238035513602,1.18,10.0,1.34,1.44,2
SEN_GAR1_S12,SEN_GAR1,30,1.7803333333333333,1.47,1.741983576733488,1.32,11.0,1.44,1.5075,2
SEN_GAR1_S13,SEN_GAR1,30,2.3430000000000004,2.04,1.8266025557169585,1.78,12.0,1.9625,2.0875,1
SEN_GAR1_S14,SEN_GAR1,30,1.597,1.205,2.1541141870928024,1.12,13.0,1.1724999999999999,1.23,1
SEN_GAR1_S15,SEN_GAR1,30,0.8526666666666666,0.265,2.5183189978064022,0.02,14.0,0.1125,0.5675,3
SEN_GAR1_S16,SEN_GAR1,30,1.2026666666666666,0.71,2.6187413840968743,0.1,15.0,0.66,0.775,6
SEN_GAR1_S17,SEN_GAR1,30,1.8210000000000002,1.39,2.6843099029680637,0.71,16.0,1.3,1.4575,3
SEN_GAR1_S18,SEN_GAR1,30,2.181,1.6949999999999998,2.800185153976737,1.48,17.0,1.6075,1.73,1
SEN_GAR1_S19,SEN_GAR1,30,1.60433334,1.0350000000000001,3.0983406928099178,0.89,18.0,0.9700001,1.1150000000000002,2
SEN_GAR1_S2,SEN_GAR1,30,1.054,1.0350000000000001,0.4136932063323221,0.22,1.73,0.765,1.395,0
SEN_GAR1_S20,SEN_GAR1,30,1.8396666666666666,1.2650000000000001,3.2421071089257874,1.04,19.0,1.2025,1.3175000000000001,1
SEN_GAR1_S21,SEN_GAR1,30,2.2106666666666666,1.55,3.377352496417493,0.94,20.0,1.4249999999999998,1.9249999999999998,1
SEN_GAR1_S22,SEN_GAR1,30,2.5349999999999997,1.9449999999999998,3.490725396404514,1.29,21.0,1.8824999999999998,1.9875,3
SEN_GAR1_S23,SEN_GAR1,30,2.4916666666666667,1.83,3.6848638054028293,1.7,22.0,1.795,1.86,1
SEN_GAR1_S24,SEN_GAR1,30,2.4189999999999996,1.7349999999999999,3.8878469797474073,1.52,23.0,1.67,1.76,2
SEN_GAR1_S25,SEN_GAR1,30,1.9333333333333333,1.005,4.188086002923658,0.69,24.0,0.8825000000000001,1.5125,1
SEN_GAR1_S26,SEN_GAR1,30,2.6016666666666666,1.86,4.2314912047754465,1.54,25.0,1.79,1.9075,3
SEN_GAR1_S27,SEN_GAR1,30,1.415,0.625,4.647023333497365,0.26,26.0,0.4,0.7,1
SEN_GAR1_S28,SEN_GAR1,30,2.5503333333333336,1.71,4.618201234645169,1.55,27.0,1.69,1.755,2
SEN_GAR1_S29,SEN_GAR1,30,2.6180000000000003,1.74,4.794021708120544,1.68,28.0,1.7225,1.77,1
SEN_GAR1_S3,SEN_GAR1,30,0.3466666666666667,0.29500000000000004,0.3252620517349826,0.0,2.0,0.23,0.3775,2
SEN_GAR1_S30,SEN_GAR1,30,2.4233333333333333,1.54,5.021343640304155,1.0,29.0,1.475,1.57,3
SEN_GAR1_S31,SEN_GAR1,30,1.9816666666666667,1.06,5.295882644902049,0.37,30.0,0.96249995,1.1875,2
SEN_GAR1_S32,SEN_GAR1,30,1.4566666666666668,0.49,5.580983928412213,0.23,31.0,0.3425,0.5375000000000001,1
SEN_GAR1_S33,SEN_GAR1,30,2.859,1.86,5.504183581290846,1.74,32.0,1.81,1.9175,1
SEN_GAR1_S34,SEN_GAR1,30,2.591,1.5550000000000002,5.744367166009764,1.24,33.0,1.51,1.6275,2
SEN_GAR1_S35,SEN_GAR1,30,2.8943333333333334,1.87,5.876237761517573,1.38,34.0,1.83,1.88,5
SEN_GAR1_S36,SEN_GAR1,30,3.6653333333333333,2.585,5.918235835305895,2.54,35.0,2.56,2.61,1
SEN_GAR1_S37,SEN_GAR1,30,2.9236666666666666,1.8,6.248461042712746,1.52,36.0,1.6975,1.8575000000000002,1
SEN_GAR1_S38,SEN_GAR1,30,2.259,1.105,6.5637622464243925,0.47,37.0,1.0725,1.1575,4
SEN_GAR1_S39,SEN_GAR1,30,2.5973333333333333,1.5,6.6951227401554885,0.35,38.0,1.315,1.56,4
SEN_GAR1_S4,SEN_GAR1,30,1.0086666666666668,1.09,0.7083576601637366,0.0,3.0,0.3575,1.505,0
SEN_GAR1_S40,SEN_GAR1,30,2.3733333366666667,1.125,6.9179981816199225,0.9700001,39.0,1.0825,1.1575,1
SEN_GAR1_S41,SEN_GAR1,30,3.0709999999999997,1.83,6.977172310347212,1.44,40.0,1.6425,1.9425,1
SEN_GAR1_S42,SEN_GAR1,30,2.707333333333333,1.42,7.2329108621792,1.09,41.0,1.365,1.45,3
SEN_GAR1_S43,SEN_GAR1,30,3.2430000000000003,1.92,7.32024502604792,1.74,42.0,1.87,1.9675,1
SEN_GAR1_S44,SEN_GAR1,30,3.1333333333333333,1.8250000000000002,7.531838779627379,1.03,43.0,1.7725,1.8675000000000002,6
SEN_GAR1_S45,SEN_GAR1,30,2.962,1.55,7.751083305822038,1.39,44.0,1.51,1.59,1
SEN_GAR1_S46,SEN_GAR1,30,2.877666666666667,1.44,7.955916333939398,1.25,45.0,1.3924999999999998,1.48,2
SEN_GAR1_S47,SEN_GAR1,30,2.59866667,1.15,8.198802995772033,0.48,46.0,1.065,1.18,3
SEN_GAR1_S48,SEN_GAR1,30,2.663,1.13,8.374120293478903,1.04,47.0,1.08,1.17,1
SEN_GAR1_S49,SEN_GAR1,30,2.8116666666666665,1.275,8.534990488786626,1.1,48.0,1.2125,1.2975,1
SEN_GAR1_S5,SEN_GAR1,30,1.7586666666666666,1.68,0.4265477564186067,1.59,4.0,1.64,1.71,1
SEN_GAR1_S50,SEN_GAR1,30,3.154333333333333,1.5750000000000002,8.659056125727894,1.42,49.0,1.54,1.62,1
SEN_GAR1_S51,SEN_GAR1,30,3.0593333333333335,1.47,8.865977174816537,1.25,50.0,1.4124999999999999,1.49,3
SEN_GAR1_S52,SEN_GAR1,30,3.170666666666667,1.565,9.034182188559845,1.29,51.0,1.455,1.62,1
SEN_GAR1_S53,SEN_GAR1,30,2.8130000033333333,1.1549999999999998,9.291507486226335,0.69,52.0,1.005,1.2575,1
SEN_GAR1_S54,SEN_GAR1,30,2.392333333333333,0.65,9.55833331429316,0.56,53.0,0.63,0.6675,3
SEN_GAR1_S55,SEN_GAR1,1,54.0,54.0,,54.0,54.0,54.0,54.0,0
SEN_GAR1_S56,SEN_GAR1,1,55.0,55.0,,55.0,55.0,55.0,55.0,0
SEN_GAR1_S57,SEN_GAR1,1,56.0,56.0,,56.0,56.0,56.0,56.0,0
SEN_GAR1_S58,SEN_GAR1,1,57.0,57.0,,57.0,57.0,57.0,57.0,0
SEN_GAR1_S59,SEN_GAR1,1,58.0,58.0,,58.0,58.0,58.0,58.0,0
SEN_GAR1_S6,SEN_GAR1,30,1.656,1.56,0.6347011243422995,1.39,5.0,1.51,1.59,1
SEN_GAR1_S60,SEN_GAR1,1,59.0,59.0,,59.0,59.0,59.0,59.0,0
SEN_GAR1_S61,SEN_GAR1,1,60.0,60.0,,60.0,60.0,60.0,60.0,0
SEN_GAR1_S7,SEN_GAR1,30,1.6916666666666667,1.605,0.8608699823067255,0.13,6.0,1.5625,1.67,3
SEN_GAR1_S8,SEN_GAR1,30,1.5566666633333335,1.33,1.1094121895913138,0.69,7.0,1.045,1.8424999999999998,1
SEN_GAR1_S9,SEN_GAR1,30,1.6316666666666668,1.42,1.2068827995932425,1.2,8.0,1.3824999999999998,1.4775,4
SEN_GAR2_S10,SEN_GAR2,30,1.974,1.73,1.3271712204067194,1.69,9.0,1.71,1.75,1
SEN_GAR2_S11,SEN_GAR2,30,0.8183333333333334,0.58,1.7420817577182515,0.19,10.0,0.3525,0.6575,1
SEN_GAR2_S12,SEN_GAR2,30,1.074,0.755,1.8781990640339299,0.43,11.0,0.7124999999999999,0.81,4
SEN_GAR2_S13,SEN_GAR2,30,2.743333333333333,2.42,1.7488860165404074,2.31,12.0,2.4,2.4475000000000002,2
SEN_GAR2_S14,SEN_GAR2,30,1.3406666666666667,0.745,2.2947885986826053,0.14,13.0,0.56,1.1025,4
SEN_GAR2_S15,SEN_GAR2,30,2.1996666666666664,1.8,2.2292421525515445,1.68,14.0,1.7625,1.8275000000000001,1
SEN_GAR2_S16,SEN_GAR2,30,2.124,1.68,2.4326296258476594,1.56,15.0,1.64,1.7175,1
SEN_GAR2_S17,SEN_GAR2,30,1.6283333333333334,0.585,2.832115187767194,0.31,16.0,0.425,2.065,1
SEN_GAR2_S18,SEN_GAR2,30,2.441666666666667,1.92,2.7512668973092893,1.77,17.0,1.8675000000000002,2.0175,1
SEN_GAR2_S19,SEN_GAR2,30,1.797,1.245,3.061115584340071,1.11,18.0,1.18,1.2975,1
SEN_GAR2_S2,SEN_GAR2,30,2.076,2.15,0.6636866730619202,0.98,2.94,1.625,2.74,0
SEN_GAR2_S20,SEN_GAR2,30,1.1653333333333333,0.55,3.369130383382317,0.45,19.0,0.4925,0.6174999999999999,1
SEN_GAR2_S21,SEN_GAR2,30,2.1783333333333332,1.585,3.369031461489452,1.05,20.0,1.5125,1.6775,2
SEN_GAR2_S22,SEN_GAR2,30,2.9073333333333333,2.27,3.419809364855594,2.01,21.0,2.2075,2.4025,1
SEN_GAR2_S23,SEN_GAR2,30,2.4593333333333334,1.8050000000000002,3.6919202865580476,1.56,22.0,1.7375,1.8675000000000002,1
SEN_GAR2_S24,SEN_GAR2,30,1.9986666666666666,1.295,3.9720182773248034,0.92,23.0,1.0875000000000001,1.4675,1
SEN_GAR2_S25,SEN_GAR2,30,1.895,1.13,4.175239617323653,1.05,24.0,1.1,1.17,1
SEN_GAR2_S26,SEN_GAR2,30,1.8810000033333334,1.085,4.368672448151096,0.78,25.0,1.01,1.16,2
SEN_GAR2_S27,SEN_GAR2,30,2.6623333333333337,1.85,4.408012049652887,1.77,26.0,1.83,1.91,1
SEN_GAR2_S28,SEN_GAR2,30,2.722,1.865,4.587923728434359,1.66,27.0,1.7625,2.035,1
SEN_GAR2_S29,SEN_GAR2,30,1.8403333266666666,0.935,4.942223068894932,0.68,28.0,0.89,1.0,3
SEN_GAR2_S3,SEN_GAR2,30,1.3359999999999999,1.2650000000000001,0.3635988695403694,0.5,2.0,1.1925,1.6475,1
SEN_GAR2_S30,SEN_GAR2,30,3.396333333333333,2.51,4.8360431840670035,2.41,29.0,2.47,2.5475,1
SEN_GAR2_S31,SEN_GAR2,30,1.0806666666666667,0.08,5.462540733428704,0.0,30.0,0.01,0.135,1
SEN_GAR2_S32,SEN_GAR2,30,3.021333333333333,2.06,5.2845452832362705,1.97,31.0,2.0225,2.09,1
SEN_GAR2_S33,SEN_GAR2,30,1.9913333266666666,0.95,5.66880072179475,0.73,32.0,0.91,1.0475,1
SEN_GAR2_S34,SEN_GAR2,30,3.749,2.745,5.524881867983459,2.66,33.0,2.69,2.79,1
SEN_GAR2_S35,SEN_GAR2,30,2.1083333366666666,1.0,6.028382342744223,0.52,34.0,0.875,1.1225,3
SEN_GAR2_S36,SEN_GAR2,30,3.0433333333333334,1.94,6.035734011491168,1.89,35.0,1.92,1.97,1
SEN_GAR2_S37,SEN_GAR2,30,3.1166666666666667,1.99,6.211086491291106,1.78,36.0,1.9525,2.0275,2
SEN_GAR2_S38,SEN_GAR2,30,2.8223333333333334,1.64,6.4558301281615345,1.48,37.0,1.56,1.7349999999999999,1
SEN_GAR2_S39,SEN_GAR2,30,2.08466667,0.855,6.802722949859308,0.14,38.0,0.495,1.29,1
SEN_GAR2_S4,SEN_GAR2,30,2.1746666666666665,2.59,0.7845742677460147,0.28,3.0,1.92,2.74,2
SEN_GAR2_S40,SEN_GAR2,30,3.072,1.82,6.786113305354062,1.68,39.0,1.8,1.8775,3
SEN_GAR2_S41,SEN_GAR2,30,3.1013333333333337,1.84,6.969128839504203,1.76,40.0,1.8125,1.85,1
SEN_GAR2_S42,SEN_GAR2,30,1.893,0.535,7.3865227459111,0.4,41.0,0.4925,0.605,1
SEN_GAR2_S43,SEN_GAR2,30,2.5610000033333336,1.21,7.450017518335801,0.9700001,42.0,1.0925,1.2775,1
SEN_GAR2_S44,SEN_GAR2,30,1.5806666666666667,0.15,7.822991725691002,0.05,43.0,0.13,0.185,1
SEN_GAR2_S45,SEN_GAR2,30,1.6543333333333334,0.19,7.9978668204816294,0.15,44.0,0.17,0.22,1
SEN_GAR2_S46,SEN_GAR2,30,3.7439999999999998,2.34,7.792186891478163,2.19,45.0,2.2874999999999996,2.3675,1
SEN_GAR2_S47,SEN_GAR2,30,2.2319999999999998,0.68,8.268289820254497,0.5,46.0,0.605,0.7975000000000001,3
SEN_GAR2_S48,SEN_GAR2,30,3.004,1.505,8.310095895541968,1.23,47.0,1.44,1.5550000000000002,2
SEN_GAR2_S49,SEN_GAR2,30,3.025,1.47,8.494617667108088,1.36,48.0,1.44,1.525,1
SEN_GAR2_S5,SEN_GAR2,30,2.6453333333333333,2.62,0.2674752110116882,2.39,4.0,2.57,2.6575,2
SEN_GAR2_S50,SEN_GAR2,30,2.6080000033333333,1.1949999999999998,8.771039492660314,0.09,49.0,0.9850000750000001,1.2725,7
SEN_GAR2_S51,SEN_GAR2,30,2.3263333333333334,0.735,9.013218447458664,0.24,50.0,0.28,1.1025,1
SEN_GAR2_S52,SEN_GAR2,30,2.295,0.45499999999999996,9.208222244089885,0.25,51.0,0.29,0.8425,2
SEN_GAR2_S53,SEN_GAR2,30,1.8786666633333333,0.07500000000000001,9.468289993902516,0.0,52.0,0.05,0.2075,3
SEN_GAR2_S54,SEN_GAR2,30,2.0886666666666667,0.42,9.618755648725308,0.0,53.0,0.052500000000000005,0.46,1
SEN_GAR2_S55,SEN_GAR2,1,54.0,54.0,,54.0,54.0,54.0,54.0,0
SEN_GAR2_S56,SEN_GAR2,1,55.0,55.0,,55.0,55.0,55.0,55.0,0
SEN_GAR2_S57,SEN_GAR2,1,56.0,56.0,,56.0,56.0,56.0,56.0,0
SEN_GAR2_S58,SEN_GAR2,1,57.0,57.0,,57.0,57.0,57.0,57.0,0
SEN_GAR2_S59,SEN_GAR2,1,58.0,58.0,,58.0,58.0,58.0,58.0,0
SEN_GAR2_S6,SEN_GAR2,30,2.0793333333333335,1.9649999999999999,0.6619507916565344,1.47,5.0,1.6724999999999999,2.375,1
SEN_GAR2_S60,SEN_GAR2,1,59.0,59.0,,59.0,59.0,59.0,59.0,0
SEN_GAR2_S61,SEN_GAR2,1,60.0,60.0,,60.0,60.0,60.0,60.0,0
SEN_GAR2_S7,SEN_GAR2,30,1.974,1.865,0.7689338790460644,1.65,6.0,1.7225,1.935,1
SEN_GAR2_S8,SEN_GAR2,30,0.603,0.375,1.2121287913817376,0.22,7.0,0.32,0.46499999999999997,1
SEN_GAR2_S9,SEN_GAR2,30,0.7006666666666667,0.445,1.3811937199227424,0.32,8.0,0.4025,0.525,1
SEN_PUL1_S10,SEN_PUL1,30,1.5053333333333332,1.25,1.4157482080178474,1.17,9.0,1.2325,1.2675,2
SEN_PUL1_S11,SEN_PUL1,30,0.9676666666666667,0.66,1.7060130640509892,0.61,10.0,0.65,0.67,2
SEN_PUL1_S12,SEN_PUL1,30,0.9286666666666666,0.58,1.9022450136494045,0.55,11.0,0.5725,0.59,2
SEN_PUL1_S13,SEN_PUL1,30,1.40633333,1.05,2.0011815195884974,0.94,12.0,1.02,1.07,2
SEN_PUL1_S14,SEN_PUL1,30,1.3249999966666666,0.895,2.207121311862096,0.8,13.0,0.86,0.974999975,3
SEN_PUL1_S15,SEN_PUL1,30,1.1953333333333334,0.76,2.418572866928692,0.7,14.0,0.73,0.78,1
SEN_PUL1_S16,SEN_PUL1,30,1.5846666666666667,1.19,2.539440249663141,0.66,15.0,1.13,1.2275,5
SEN_PUL1_S17,SEN_PUL1,30,2.2063333333333333,1.725,2.6054723356723675,1.67,16.0,1.7025,1.76,1
SEN_PUL1_S18,SEN_PUL1,30,1.6893333333333334,1.16,2.8920747037298367,1.08,17.0,1.13,1.1875,1
SEN_PUL1_S19,SEN_PUL1,30,1.398,0.835,3.13572452167949,0.77,18.0,0.81,0.85,1
SEN_PUL1_S2,SEN_PUL1,30,2.332666666666667,2.425,0.29108516745558105,1.0,2.54,2.3725,2.45,5
SEN_PUL1_S20,SEN_PUL1,30,1.8776666666666666,1.29,3.234091764348978,1.23,19.0,1.26,1.315,1
SEN_PUL1_S21,SEN_PUL1,30,1.4073333333333333,0.76,3.512107072962615,0.67,20.0,0.7324999999999999,0.7975000000000001,2
SEN_PUL1_S22,SEN_PUL1,30,1.73833333,1.085,3.639600285093526,0.67,21.0,1.0325,1.1549999999999998,2
SEN_PUL1_S23,SEN_PUL1,30,1.5446666666666669,0.845,3.86360090511727,0.73,22.0,0.8125,0.87,1
SEN_PUL1_S24,SEN_PUL1,30,1.5453333333333332,0.81,4.052336689328536,0.72,23.0,0.78,0.84,1
SEN_PUL1_S25,SEN_PUL1,30,1.6503333333333332,0.885,4.221328017328795,0.81,24.0,0.86,0.91,1
SEN_PUL1_S26,SEN_PUL1,30,1.5330000000000001,0.72,4.432966742254113,0.58,25.0,0.665,0.7825,1
SEN_PUL1_S27,SEN_PUL1,30,1.4956666666666665,0.65,4.629014703631516,0.43,26.0,0.61,0.75,1
SEN_PUL1_S28,SEN_PUL1,30,2.271333333333333,1.42,4.670721522444887,1.33,27.0,1.3824999999999998,1.4675,1
SEN_PUL1_S29,SEN_PUL1,30,2.0826666666666664,1.2,4.895265787108683,1.07,28.0,1.16,1.2275,1
SEN_PUL1_S3,SEN_PUL1,30,0.755,0.71,0.2354562701913325,0.69,2.0,0.7024999999999999,0.72,1
SEN_PUL1_S30,SEN_PUL1,30,1.6746666666666667,0.73,5.160966718674358,0.68,29.0,0.72,0.7475,1
SEN_PUL1_S31,SEN_PUL1,30,2.0989999999999998,1.15,5.269884085619157,1.05,30.0,1.0950000000000002,1.18,1
SEN_PUL1_S32,SEN_PUL1,30,1.8876666666666668,0.88,5.498663588943027,0.79,31.0,0.85,0.92,1
SEN_PUL1_S33,SEN_PUL1,30,1.4443333333333332,0.39,5.771133088608924,0.34,32.0,0.3625,0.42,1
SEN_PUL1_S34,SEN_PUL1,30,2.6013333333333337,1.56,5.741505109249685,1.49,33.0,1.52,1.5875000000000001,1
SEN_PUL1_S35,SEN_PUL1,30,2.6719999999999997,1.5950000000000002,5.916951918006432,1.54,34.0,1.59,1.6075000000000002,4
SEN_PUL1_S36,SEN_PUL1,30,2.6806666666666668,1.58,6.104330251230838,1.42,35.0,1.55,1.6,2
SEN_PUL1_S37,SEN_PUL1,30,2.751,1.605,6.280544315308325,1.39,36.0,1.53,1.6775,1
SEN_PUL1_S38,SEN_PUL1,30,1.8210000000000002,0.61,6.644284736160276,0.57,37.0,0.59,0.63,1
SEN_PUL1_S39,SEN_PUL1,30,1.8993333333333333,0.66,6.818715590113037,0.54,38.0,0.6025,0.71,1
SEN_PUL1_S4,SEN_PUL1,30,0.877,0.79,0.41138244644294125,0.56,3.0,0.75,0.9025000000000001,1
SEN_PUL1_S40,SEN_PUL1,30,2.23433334,0.9700001,6.94564943504313,0.57,39.0,0.8925000000000001,1.07,2
SEN_PUL1_S41,SEN_PUL1,30,2.1173333333333333,0.815,7.15500255829412,0.72,40.0,0.79,0.8474999999999999,1
SEN_PUL1_S42,SEN_PUL1,30,2.7813333333333334,1.4649999999999999,7.218445115470329,1.4,41.0,1.44,1.4875,1
SEN_PUL1_S43,SEN_PUL1,30,2.2176666666666667,0.865,7.5140171006263845,0.67,42.0,0.8025,0.9075,1
SEN_PUL1_S44,SEN_PUL1,30,2.6426666666666665,1.25,7.622376284983906,1.16,43.0,1.2225,1.28,1
SEN_PUL1_S45,SEN_PUL1,30,2.579333333333333,1.1549999999999998,7.823164071649913,1.1,44.0,1.13,1.17,1
SEN_PUL1_S46,SEN_PUL1,30,2.8569999999999998,1.415,7.959624471301265,1.33,45.0,1.38,1.43,1
SEN_PUL1_S47,SEN_PUL1,30,2.8493333333333335,1.54,8.16045465828253,0.26,46.0,1.5025,1.6,7
SEN_PUL1_S48,SEN_PUL1,30,2.8586666666666667,1.34,8.336994717495042,1.29,47.0,1.33,1.35,3
SEN_PUL1_S49,SEN_PUL1,30,2.5006666733333334,0.93,8.593468221320272,0.9,48.0,0.9225000000000001,0.94,3
SEN_PUL1_S5,SEN_PUL1,30,1.6523333333333334,1.58,0.44462834796725675,1.5,4.0,1.5425,1.59,1
SEN_PUL1_S50,SEN_PUL1,30,2.991333333333333,1.4,8.689742956133866,1.33,49.0,1.38,1.43,2
SEN_PUL1_S51,SEN_PUL1,30,2.3303333333333334,0.695,9.003497972850688,0.55,50.0,0.66,0.7275,2
SEN_PUL1_S52,SEN_PUL1,30,2.667666666666667,1.03,9.129293768558643,0.58,51.0,1.01,1.06,5
SEN_PUL1_S53,SEN_PUL1,30,2.8713333333333333,1.18,9.278983569979742,1.06,52.0,1.16,1.2,2
SEN_PUL1_S54,SEN_PUL1,30,2.3056666666666668,0.56,9.574662570207542,0.48,53.0,0.5425,0.5774999999999999,2
SEN_PUL1_S55,SEN_PUL1,1,54.0,54.0,,54.0,54.0,54.0,54.0,0
SEN_PUL1_S56,SEN_PUL1,1,55.0,55.0,,55.0,55.0,55.0,55.0,0
SEN_PUL1_S57,SEN_PUL1,1,56.0,56.0,,56.0,56.0,56.0,56.0,0
SEN_PUL1_S58,SEN_PUL1,1,57.0,57.0,,57.0,57.0,57.0,57.0,0
SEN_PUL1_S59,SEN_PUL1,1,58.0,58.0,,58.0,58.0,58.0,58.0,0
SEN_PUL1_S6,SEN_PUL1,30,1.3043333333333331,1.18,0.699234474675493,1.07,5.0,1.15,1.21,1
SEN_PUL1_S60,SEN_PUL1,1,59.0,59.0,,59.0,59.0,59.0,59.0,0
SEN_PUL1_S61,SEN_PUL1,1,60.0,60.0,,60.0,60.0,60.0,60.0,0
SEN_PUL1_S7,SEN_PUL1,30,0.8386666666666667,0.66,0.975325704513655,0.6,6.0,0.6425000000000001,0.68,1
SEN_PUL1_S8,SEN_PUL1,30,1.0906666633333333,0.89,1.1169321699035788,0.78,7.0,0.87,0.92,2
SEN_PUL1_S9,SEN_PUL1,30,1.1933333333333336,0.9549999499999999,1.288777376627068,0.63,8.0,0.9125000000000001,1.0175,2
SEN_PUL2_S10,SEN_PUL2,30,1.2753333333333332,1.01,1.4591677678668786,0.95,9.0,1.0,1.03,2
SEN_PUL2_S11,SEN_PUL2,30,1.1729999999999998,0.88,1.6674431179875784,0.8,10.0,0.85,0.89,1
SEN_PUL2_S12,SEN_PUL2,30,1.7746666666666668,1.455,1.742823181988971,1.36,11.0,1.44,1.48,2
SEN_PUL2_S13,SEN_PUL2,30,1.5573333333333332,1.1949999999999998,1.9726700500683794,1.12,12.0,1.17,1.23,1
SEN_PUL2_S14,SEN_PUL2,30,1.2320000033333334,0.82,2.2228955948895384,0.79,13.0,0.81,0.84,2
SEN_PUL2_S15,SEN_PUL2,30,1.569,1.13,2.3493511209811047,0.98,14.0,1.0825,1.1749999999999998,4
SEN_PUL2_S16,SEN_PUL2,30,1.199,0.73,2.6067489991994983,0.67,15.0,0.7024999999999999,0.7475,1
SEN_PUL2_S17,SEN_PUL2,30,1.6813333333333333,1.19,2.7046482763661848,1.11,16.0,1.17,1.2175,1
SEN_PUL2_S18,SEN_PUL2,30,1.5786666666666667,1.05,2.9127244425384498,1.0,17.0,1.03,1.07,1
SEN_PUL2_S19,SEN_PUL2,30,1.4990000033333333,0.935,3.1171443048261893,0.78,18.0,0.89,0.9875,1
SEN_PUL2_S2,SEN_PUL2,30,1.9556666666666667,1.9649999999999999,0.4353411926558162,0.86,2.68,1.7825,2.2675,2
SEN_PUL2_S20,SEN_PUL2,30,1.37,0.76,3.3298244750260877,0.73,19.0,0.75,0.78,1
SEN_PUL2_S21,SEN_PUL2,30,1.3116666666666668,0.67,3.529959541951733,0.59,20.0,0.62,0.71,1
SEN_PUL2_S22,SEN_PUL2,30,2.118333333333333,1.49,3.5695407637913052,1.13,21.0,1.4224999999999999,1.58,4
SEN_PUL2_S23,SEN_PUL2,30,1.998,1.3,3.778026669736647,1.24,22.0,1.28,1.3525,1
SEN_PUL2_S24,SEN_PUL2,30,2.2773333333333334,1.57,3.914153745093553,1.48,23.0,1.5325,1.6,1
SEN_PUL2_S25,SEN_PUL2,30,2.215333333333333,1.4649999999999999,4.114892828313484,1.34,24.0,1.43,1.5075,1
SEN_PUL2_S26,SEN_PUL2,30,2.360666666666667,1.585,4.2760737174166685,1.49,25.0,1.56,1.61,1
SEN_PUL2_S27,SEN_PUL2,30,2.3633333333333337,1.545,4.464878523530629,1.39,26.0,1.5125,1.61,1
SEN_PUL2_S28,SEN_PUL2,30,1.588,0.71,4.799646107643843,0.65,27.0,0.6924999999999999,0.74,1
SEN_PUL2_S29,SEN_PUL2,30,1.738,0.84,4.960167822522361,0.79,28.0,0.8125,0.85,1
SEN_PUL2_S3,SEN_PUL2,30,1.1383333333333332,1.11,0.1644443797245394,1.06,2.0,1.1,1.1275,1
SEN_PUL2_S30,SEN_PUL2,30,2.933666666666667,2.145,4.93027696174771,1.49,29.0,1.895,2.2575,1
SEN_PUL2_S31,SEN_PUL2,30,2.092,1.14,5.271136369009026,1.05,30.0,1.0950000000000002,1.16,1
SEN_PUL2_S32,SEN_PUL2,30,1.9670000033333332,0.99,5.483844705290699,0.7,31.0,0.9325,1.01,2
SEN_PUL2_S33,SEN_PUL2,30,1.4443333333333332,0.39,5.771133088608924,0.34,32.0,0.3625,0.42,1
SEN_PUL2_S34,SEN_PUL2,30,2.3743333333333334,1.3250000000000002,5.7843496837905475,1.23,33.0,1.3025,1.34,2
SEN_PUL2_S35,SEN_PUL2,30,2.715333333333333,1.64,5.90875605867424,1.6,34.0,1.6225,1.65,1
SEN_PUL2_S36,SEN_PUL2,30,2.1586666633333333,1.03,6.202833465186808,0.9599999,35.0,1.0,1.05,1
SEN_PUL2_S37,SEN_PUL2,30,2.5473333333333334,1.39,6.318684898819907,1.27,36.0,1.3325,1.45,1
SEN_PUL2_S38,SEN_PUL2,30,2.997666666666667,1.8250000000000002,6.422135042627732,1.74,37.0,1.8,1.86,1
SEN_PUL2_S39,SEN_PUL2,30,3.5276666666666667,2.385,6.512348844408165,2.01,38.0,2.22,2.45,1
SEN_PUL2_S4,SEN_PUL2,30,1.7556666666666667,1.8399999999999999,0.3863238174822036,0.91,3.0,1.5625,1.96,2
SEN_PUL2_S40,SEN_PUL2,30,1.7996666666666667,0.5,7.02666619500969,0.36,39.0,0.4425,0.595,1
SEN_PUL2_S41,SEN_PUL2,30,3.049,1.78,6.979034786539191,1.71,40.0,1.7425,1.8075,1
SEN_PUL2_S42,SEN_PUL2,30,1.958,0.61,7.373872982267913,0.57,41.0,0.6,0.62,1
SEN_PUL2_S43,SEN_PUL2,30,2.582333333333333,1.225,7.445064406906666,1.09,42.0,1.1824999999999999,1.2575,1
SEN_PUL2_S44,SEN_PUL2,30,2.893333333333333,1.51,7.575000777663935,1.47,43.0,1.49,1.52,2
SEN_PUL2_S45,SEN_PUL2,30,2.8179999999999996,1.4,7.778069257811373,1.36,44.0,1.3824999999999998,1.41,1
SEN_PUL2_S46,SEN_PUL2,30,2.9896666666666665,1.54,7.93457666051625,1.46,45.0,1.51,1.5675000000000001,1
SEN_PUL2_S47,SEN_PUL2,30,2.5970000033333336,1.12,8.197796233880636,0.94,46.0,1.0725,1.15,3
SEN_PUL2_S48,SEN_PUL2,30,3.1109999999999998,1.6,8.289365996304522,1.53,47.0,1.58,1.62,1
SEN_PUL2_S49,SEN_PUL2,30,3.3823333333333334,1.85,8.427121929994161,1.74,48.0,1.8050000000000002,1.88,1
SEN_PUL2_S5,SEN_PUL2,30,0.745,0.63,0.6154995167929979,0.58,4.0,0.62,0.64,3
SEN_PUL2_S50,SEN_PUL2,30,3.0606666666666666,1.48,8.676662290636134,1.33,49.0,1.4525,1.5075,2
SEN_PUL2_S51,SEN_PUL2,30,3.4383333333333335,1.88,8.795334218947483,1.4,50.0,1.745,1.9575,2
SEN_PUL2_S52,SEN_PUL2,30,2.283333333333333,0.61,9.201131614562728,0.56,51.0,0.59,0.62,1
SEN_PUL2_S53,SEN_PUL2,30,2.9073333333333333,1.22,9.272186415271221,1.14,52.0,1.2,1.24,1
SEN_PUL2_S54,SEN_PUL2,30,3.246,1.53,9.397065059056361,1.48,53.0,1.52,1.5475,2
SEN_PUL2_S55,SEN_PUL2,1,54.0,54.0,,54.0,54.0,54.0,54.0,0
SEN_PUL2_S56,SEN_PUL2,1,55.0,55.0,,55.0,55.0,55.0,55.0,0
SEN_PUL2_S57,SEN_PUL2,1,56.0,56.0,,56.0,56.0,56.0,56.0,0
SEN_PUL2_S58,SEN_PUL2,1,57.0,57.0,,57.0,57.0,57.0,57.0,0
SEN_PUL2_S59,SEN_PUL2,1,58.0,58.0,,58.0,58.0,58.0,58.0,0
SEN_PUL2_S6,SEN_PUL2,30,1.668,1.56,0.6314700964880449,1.46,5.0,1.51,1.5975000000000001,1
SEN_PUL2_S60,SEN_PUL2,1,59.0,59.0,,59.0,59.0,59.0,59.0,0
SEN_PUL2_S61,SEN_PUL2,1,60.0,60.0,,60.0,60.0,60.0,60.0,0
SEN_PUL2_S7,SEN_PUL2,30,1.4563333333333333,1.3,0.8586656984002536,1.24,6.0,1.29,1.31,7
SEN_PUL2_S8,SEN_PUL2,30,1.0946666733333332,0.895,1.1172371497829694,0.8,7.0,0.84,0.9375,1
SEN_PUL2_S9,SEN_PUL2,30,1.7246666666666668,1.5150000000000001,1.1855443485162631,1.45,8.0,1.49,1.53,1
SEN_ANTI_S10,SEN_ANTI,30,2.725,2.52,1.1858555764830143,2.38,9.0,2.51,2.53,5
SEN_ANTI_S11,SEN_ANTI,30,2.6453333333333333,2.4,1.3898740536672636,2.28,10.0,2.3625,2.435,1
SEN_ANTI_S12,SEN_ANTI,30,2.329,1.915,1.6669119704535629,1.57,11.0,1.795,2.34,1
SEN_ANTI_S13,SEN_ANTI,30,2.3920000000000003,1.815,1.907806828940426,1.41,12.0,1.5625,2.8475,1
SEN_ANTI_S14,SEN_ANTI,30,2.0396666666666667,1.52,2.1145937627849936,1.17,13.0,1.2825,2.0675,1
SEN_ANTI_S15,SEN_ANTI,30,2.442,2.275,2.2432556390364797,0.89,14.0,1.565,2.5275,1
SEN_ANTI_S16,SEN_ANTI,30,3.1653333333333333,2.8049999999999997,2.244565441903734,1.71,15.0,2.7725,2.8375,3
SEN_ANTI_S17,SEN_ANTI,30,2.823666666666667,2.64,2.534729099764984,1.58,16.0,1.855,2.8275,1
SEN_ANTI_S18,SEN_ANTI,30,2.869666666666667,2.385,2.670721823303817,2.17,17.0,2.3125,2.49,1
SEN_ANTI_S19,SEN_ANTI,30,2.454333333333333,1.9449999999999998,2.9509690790903123,1.31,18.0,1.7725,2.17,1
SEN_ANTI_S2,SEN_ANTI,30,2.076,2.15,0.6636866730619202,0.98,2.94,1.625,2.74,0
SEN_ANTI_S20,SEN_ANTI,30,3.176,2.65,2.9903725981659997,2.11,19.0,2.64,2.6675,3
SEN_ANTI_S21,SEN_ANTI,30,2.4893333333333336,2.4800000000000004,3.4742708819145833,0.0,20.0,2.38,2.51,8
SEN_ANTI_S22,SEN_ANTI,30,3.070333333333333,2.5,3.3906417695172992,1.95,21.0,2.4375,2.54,4
SEN_ANTI_S23,SEN_ANTI,30,3.1573333333333333,2.535,3.5599757199223676,2.11,22.0,2.4725,2.565,2
SEN_ANTI_S24,SEN_ANTI,30,2.5563333333333333,1.78,3.879180044299562,1.36,23.0,1.5525,2.06,1
SEN_ANTI_S25,SEN_ANTI,30,3.2439999999999998,2.565,3.924316413127875,1.86,24.0,2.5324999999999998,2.615,6
SEN_ANTI_S26,SEN_ANTI,30,3.4949999999999997,2.8,4.066093397505937,1.83,25.0,2.75,2.835,3
SEN_ANTI_S27,SEN_ANTI,30,3.2963333333333336,2.52,4.288193481331426,2.43,26.0,2.49,2.5375,1
SEN_ANTI_S28,SEN_ANTI,30,2.994333333333333,2.21,4.543872481313355,1.66,27.0,1.9024999999999999,2.4650000000000003,1
SEN_ANTI_S29,SEN_ANTI,30,3.3116666666666665,2.505,4.667240995036267,1.99,28.0,2.26,2.6275,1
SEN_ANTI_S3,SEN_ANTI,30,2.204,2.16,0.35617314658018173,1.51,2.73,1.9775,2.4924999999999997,0
SEN_ANTI_S30,SEN_ANTI,30,2.933666666666667,2.145,4.93027696174771,1.49,29.0,1.895,2.2575,1
SEN_ANTI_S31,SEN_ANTI,30,3.3003333333333336,2.38,5.0429838480758615,2.23,30.0,2.37,2.41,3
SEN_ANTI_S32,SEN_ANTI,30,3.5516666666666667,2.63,5.1856919089657305,2.42,31.0,2.4725,2.69,1
SEN_ANTI_S33,SEN_ANTI,30,3.1719999999999997,2.175,5.452863467940492,1.34,32.0,2.045,2.3675,2
SEN_ANTI_S34,SEN_ANTI,30,3.6983333333333333,2.69,5.534242672129855,2.64,33.0,2.68,2.7,3
SEN_ANTI_S35,SEN_ANTI,30,3.755333333333333,2.74,5.712878816132553,2.36,34.0,2.705,2.75,3
SEN_ANTI_S36,SEN_ANTI,30,3.7623333333333333,2.6950000000000003,5.900013257339478,2.54,35.0,2.67,2.7175000000000002,2
SEN_ANTI_S37,SEN_ANTI,30,3.634,2.52,6.113136561593374,2.43,36.0,2.4925,2.55,1
SEN_ANTI_S38,SEN_ANTI,30,2.8223333333333334,1.64,6.4558301281615345,1.48,37.0,1.56,1.7349999999999999,1
SEN_ANTI_S39,SEN_ANTI,30,3.3503333333333334,2.1950000000000003,6.553117438358598,1.35,38.0,1.9324999999999999,2.455,1
SEN_ANTI_S4,SEN_ANTI,30,1.9846666666666666,2.16,0.4402094590261458,1.22,3.0,1.72,2.2300000000000004,1
SEN_ANTI_S40,SEN_ANTI,30,2.23433334,0.9700001,6.94564943504313,0.57,39.0,0.8925000000000001,1.07,2
SEN_ANTI_S41,SEN_ANTI,30,3.865666666666667,2.62,6.824728203926604,2.57,40.0,2.6,2.64,1
SEN_ANTI_S42,SEN_ANTI,30,2.9036666666666666,1.44,7.203206892782539,1.19,41.0,1.3125,1.9875,1
SEN_ANTI_S43,SEN_ANTI,30,3.606666666666667,2.32,7.2562897013477246,1.73,42.0,2.08,2.5475,1
SEN_ANTI_S44,SEN_ANTI,30,4.102,2.76,7.347590456553862,2.28,43.0,2.74,2.84,2
SEN_ANTI_S45,SEN_ANTI,30,3.3939999999999997,2.08,7.680315007907531,1.29,44.0,1.6225,2.4225000000000003,1
SEN_ANTI_S46,SEN_ANTI,30,3.7486666666666664,2.32,7.791155787541867,2.3,45.0,2.3125,2.33,3
SEN_ANTI_S47,SEN_ANTI,30,3.912,2.5549999999999997,7.957855108698226,1.1,46.0,2.4400000000000004,2.6799999999999997,3
SEN_ANTI_S48,SEN_ANTI,30,3.229,1.71,8.276114093145322,1.19,47.0,1.3849999999999998,2.1725000000000003,1
SEN_ANTI_S49,SEN_ANTI,30,3.1599999999999997,1.6,8.470765547783579,1.33,48.0,1.4925,1.69,2
SEN_ANTI_S5,SEN_ANTI,30,2.5653333333333337,2.6950000000000003,0.4636938149501117,1.59,4.0,2.5475,2.75,7
SEN_ANTI_S50,SEN_ANTI,30,4.030666666666667,2.53,8.495306587933626,1.55,49.0,2.5124999999999997,2.54,7
SEN_ANTI_S51,SEN_ANTI,30,2.7916666666666665,1.065,8.93634619591997,0.4,50.0,0.605,1.8624999999999998,1
SEN_ANTI_S52,SEN_ANTI,30,3.796666666666667,2.29,8.924535468769976,1.27,51.0,1.8725,2.5324999999999998,1
SEN_ANTI_S53,SEN_ANTI,30,3.6226666666666665,2.0,9.139240492601624,1.02,52.0,1.92,2.05,2
SEN_ANTI_S54,SEN_ANTI,30,3.686,1.995,9.31400376888997,1.92,53.0,1.9625,2.01,2
SEN_ANTI_S55,SEN_ANTI,1,54.0,54.0,,54.0,54.0,54.0,54.0,0
SEN_ANTI_S56,SEN_ANTI,1,55.0,55.0,,55.0,55.0,55.0,55.0,0
SEN_ANTI_S57,SEN_ANTI,1,56.0,56.0,,56.0,56.0,56.0,56.0,0
SEN_ANTI_S58,SEN_ANTI,1,57.0,57.0,,57.0,57.0,57.0,57.0,0
SEN_ANTI_S59,SEN_ANTI,1,58.0,58.0,,58.0,58.0,58.0,58.0,0
SEN_ANTI_S6,SEN_ANTI,30,2.9256666666666664,2.85,0.3928997707877385,2.77,5.0,2.84,2.87,2
SEN_ANTI_S60,SEN_ANTI,1,59.0,59.0,,59.0,59.0,59.0,59.0,0
SEN_ANTI_S61,SEN_ANTI,1,60.0,60.0,,60.0,60.0,60.0,60.0,0
SEN_ANTI_S7,SEN_ANTI,30,2.6199999999999997,2.505,0.6398167841197816,2.43,6.0,2.4725,2.54,1
SEN_ANTI_S8,SEN_ANTI,30,2.2,2.315,1.0322690106483037,1.09,7.0,1.7275,2.4050000000000002,1
SEN_ANTI_S9,SEN_ANTI,30,2.467,2.37,1.0862721764729641,1.17,8.0,2.1574999999999998,2.4275,2
SEN_SPI1_S10,SEN_SPI1,30,2.405333333333333,2.185,1.245949944567524,2.08,9.0,2.17,2.2,3
SEN_SPI1_S11,SEN_SPI1,30,2.469666666666667,2.22,1.4226407774309002,2.15,10.0,2.19,2.2375000000000003,1
SEN_SPI1_S12,SEN_SPI1,30,2.4810000000000003,2.185,1.6092970193695517,2.12,11.0,2.17,2.2175000000000002,1
SEN_SPI1_S13,SEN_SPI1,30,3.0266666666666664,2.74,1.6980319913588673,2.21,12.0,2.72,2.76,4
SEN_SPI1_S14,SEN_SPI1,30,2.4650000000000003,2.14,1.9941634664777315,1.75,13.0,2.065,2.21,3
SEN_SPI1_S15,SEN_SPI1,30,2.5246666666666666,2.145,2.170783639425035,1.68,14.0,2.065,2.2075,2
SEN_SPI1_S16,SEN_SPI1,30,2.8176666666666668,2.44,2.3045362811777057,1.88,15.0,2.3225,2.4850000000000003,2
SEN_SPI1_S17,SEN_SPI1,30,3.2736666666666663,2.84,2.404120720093234,2.68,16.0,2.81,2.8675,2
SEN_SPI1_S18,SEN_SPI1,30,2.7783333333333333,2.285,2.686307661191233,2.2,17.0,2.2624999999999997,2.3275,1
SEN_SPI1_S19,SEN_SPI1,30,2.926,2.415,2.8475671406816128,2.27,18.0,2.3725,2.4575,1
SEN_SPI1_S2,SEN_SPI1,30,2.332666666666667,2.425,0.29108516745558105,1.0,2.54,2.3725,2.45,5
SEN_SPI1_S20,SEN_SPI1,30,2.749,2.2,3.0696190373534566,2.09,19.0,2.1725,2.22,3
SEN_SPI1_S21,SEN_SPI1,30,3.1146666666666665,2.535,3.1896629735847446,2.41,20.0,2.51,2.57,2
SEN_SPI1_S22,SEN_SPI1,30,2.6653333333333333,2.08,3.465521539426624,1.61,21.0,1.98,2.1275,3
SEN_SPI1_S23,SEN_SPI1,30,3.255666666666667,2.64,3.544085586392936,1.8,22.0,2.61,2.6775,3
SEN_SPI1_S24,SEN_SPI1,30,2.9579999999999997,2.2649999999999997,3.7859535308731713,2.1,23.0,2.22,2.32,1
SEN_SPI1_S25,SEN_SPI1,30,2.3583333333333334,1.66,4.091309615247433,1.25,24.0,1.4875,1.7775,1
SEN_SPI1_S26,SEN_SPI1,30,3.115666666666667,2.745,4.203347338797344,0.32,25.0,2.605,2.8,8
SEN_SPI1_S27,SEN_SPI1,30,2.836,2.065,4.377960948771188,1.78,26.0,1.9375,2.15,1
SEN_SPI1_S28,SEN_SPI1,30,3.060666666666667,2.23,4.521512512677461,2.19,27.0,2.2125,2.2575,1
SEN_SPI1_S29,SEN_SPI1,30,3.541,2.675,4.620336120031634,2.54,28.0,2.64,2.7575,1
SEN_SPI1_S3,SEN_SPI1,30,2.3766666666666665,2.39,0.13401835523625077,2.0,2.62,2.3024999999999998,2.4525,1
SEN_SPI1_S30,SEN_SPI1,30,2.7143333333333337,1.81,4.966345831649284,1.48,29.0,1.725,1.93,1
SEN_SPI1_S31,SEN_SPI1,30,2.957333333333333,2.0149999999999997,5.10803892009403,1.86,30.0,1.99,2.0675,3
SEN_SPI1_S32,SEN_SPI1,30,3.454333333333333,2.585,5.215304192095794,1.09,31.0,2.5124999999999997,2.6525,3
SEN_SPI1_S33,SEN_SPI1,30,3.385,2.415,5.404822718710546,2.25,32.0,2.37,2.44,2
SEN_SPI1_S34,SEN_SPI1,30,3.6093333333333333,2.6,5.551294309055063,2.45,33.0,2.58,2.63,3
SEN_SPI1_S35,SEN_SPI1,30,3.704333333333333,2.7,5.728166754539893,1.26,34.0,2.6825,2.7475,2
SEN_SPI1_S36,SEN_SPI1,30,3.4873333333333334,2.41,5.952012660658887,2.18,35.0,2.39,2.44,2
SEN_SPI1_S37,SEN_SPI1,30,3.749,2.6500000000000004,6.092610759113779,2.38,36.0,2.5475,2.71,1
SEN_SPI1_S38,SEN_SPI1,30,3.2943333333333333,2.13,6.366062867799974,2.08,37.0,2.1125,2.1575,1
SEN_SPI1_S39,SEN_SPI1,30,3.490333333333333,2.3449999999999998,6.519507323956806,1.79,38.0,2.28,2.3975,3
SEN_SPI1_S4,SEN_SPI1,30,2.586,2.675,0.28285002727776865,1.25,3.0,2.5725,2.6975000000000002,3
SEN_SPI1_S40,SEN_SPI1,30,3.727,2.5149999999999997,6.665587461499289,2.15,39.0,2.3325,2.6799999999999997,1
SEN_SPI1_S41,SEN_SPI1,30,3.795666666666667,2.55,6.837998640121163,2.43,40.0,2.54,2.57,3
SEN_SPI1_S42,SEN_SPI1,30,3.140333333333333,1.96,7.155772920653228,1.21,41.0,1.6624999999999999,2.05,1
SEN_SPI1_S43,SEN_SPI1,30,2.5636666633333336,1.35,7.456509068077644,0.66,42.0,0.8625,1.54,1
SEN_SPI1_S44,SEN_SPI1,30,3.597,2.25,7.44230180837196,2.08,43.0,2.2225,2.27,6
SEN_SPI1_S45,SEN_SPI1,30,3.759333333333333,2.415,7.601288880425357,2.11,44.0,2.2725,2.49,1
SEN_SPI1_S46,SEN_SPI1,30,3.7199999999999998,2.31,7.796622610972718,2.23,45.0,2.27,2.33,1
SEN_SPI1_S47,SEN_SPI1,30,3.794,2.225,7.976252079854254,1.79,46.0,2.1925,2.5375,1
SEN_SPI1_S48,SEN_SPI1,30,3.9353333333333333,2.45,8.133759250200972,2.27,47.0,2.44,2.47,4
SEN_SPI1_S49,SEN_SPI1,30,3.606,2.085,8.384790664218079,1.98,48.0,2.06,2.11,2
SEN_SPI1_S5,SEN_SPI1,30,2.7153333333333336,2.66,0.24722924351818631,2.6,4.0,2.65,2.6950000000000003,3
SEN_SPI1_S50,SEN_SPI1,30,4.120666666666667,2.585,8.476524146676832,2.38,49.0,2.55,2.61,2
SEN_SPI1_S51,SEN_SPI1,30,3.9546666666666668,2.4,8.697033871436833,2.09,50.0,2.3449999999999998,2.4275,4
SEN_SPI1_S52,SEN_SPI1,30,4.051333333333334,2.47,8.867479420013773,2.21,51.0,2.3775,2.4875000000000003,2
SEN_SPI1_S53,SEN_SPI1,30,3.848,2.2649999999999997,9.100817848811246,0.52,52.0,2.2325,2.3175,4
SEN_SPI1_S54,SEN_SPI1,30,3.691333333333333,2.0,9.313278889744518,1.84,53.0,1.9224999999999999,2.05,1
SEN_SPI1_S55,SEN_SPI1,1,54.0,54.0,,54.0,54.0,54.0,54.0,0
SEN_SPI1_S56,SEN_SPI1,1,55.0,55.0,,55.0,55.0,55.0,55.0,0
SEN_SPI1_S57,SEN_SPI1,1,56.0,56.0,,56.0,56.0,56.0,56.0,0
SEN_SPI1_S58,SEN_SPI1,1,57.0,57.0,,57.0,57.0,57.0,57.0,0
SEN_SPI1_S59,SEN_SPI1,1,58.0,58.0,,58.0,58.0,58.0,58.0,0
SEN_SPI1_S6,SEN_SPI1,30,2.505666666666667,2.42,0.4752326713874195,2.24,5.0,2.39,2.4775,2
SEN_SPI1_S60,SEN_SPI1,1,59.0,59.0,,59.0,59.0,59.0,59.0,0
SEN_SPI1_S61,SEN_SPI1,1,60.0,60.0,,60.0,60.0,60.0,60.0,0
SEN_SPI1_S7,SEN_SPI1,30,1.7183333333333333,1.56,0.8110575613457359,1.43,6.0,1.54,1.6125,3
SEN_SPI1_S8,SEN_SPI1,30,1.5826666666666667,1.3849999999999998,1.0266615912697354,1.22,7.0,1.355,1.4425,4
SEN_SPI1_S9,SEN_SPI1,30,2.1206666666666667,1.93,1.1140170658425776,1.7,8.0,1.9,1.9675,6
SEN_SPI2_S10,SEN_SPI2,30,2.3223333333333334,2.09,1.2613776905276703,2.04,9.0,2.0825,2.1,4
SEN_SPI2_S11,SEN_SPI2,30,2.615666666666667,2.365,1.3950026160730222,2.29,10.0,2.3425,2.39,1
SEN_SPI2_S12,SEN_SPI2,30,2.6613333333333333,2.365,1.5755803163702358,2.31,11.0,2.34,2.4175,1
SEN_SPI2_S13,SEN_SPI2,30,3.2383333333333337,2.9450000000000003,1.6554155293196458,2.85,12.0,2.9125,2.97,1
SEN_SPI2_S14,SEN_SPI2,30,2.1693333333333333,1.82,2.046871343990768,1.66,13.0,1.7575,1.8475000000000001,1
SEN_SPI2_S15,SEN_SPI2,30,2.143333333333333,1.73,2.2409655144115024,1.6,14.0,1.665,1.8075,1
SEN_SPI2_S16,SEN_SPI2,30,2.8579999999999997,2.435,2.29398523880649,2.34,15.0,2.3925,2.4850000000000003,1
SEN_SPI2_S17,SEN_SPI2,30,3.341333333333333,2.91,2.3916705074261277,2.77,16.0,2.8625,2.96,1
SEN_SPI2_S18,SEN_SPI2,30,2.6670000000000003,2.175,2.707256086379967,2.11,17.0,2.15,2.1975000000000002,1
SEN_SPI2_S19,SEN_SPI2,30,2.8156666666666665,2.3049999999999997,2.868677075050369,2.13,18.0,2.255,2.33,3
SEN_SPI2_S2,SEN_SPI2,30,1.9393333333333334,1.9649999999999999,0.41599016345576495,0.86,2.55,1.7825,2.26,2
SEN_SPI2_S20,SEN_SPI2,30,2.958666666666667,2.4050000000000002,3.03007196151412,2.3,19.0,2.3625,2.4475000000000002,1
SEN_SPI2_S21,SEN_SPI2,30,3.21,2.645,3.171628538496729,2.53,20.0,2.5925,2.67,1
SEN_SPI2_S22,SEN_SPI2,30,2.835,2.23,3.4317350090608394,2.02,21.0,2.185,2.2675,4
SEN_SPI2_S23,SEN_SPI2,30,3.2486666666666664,2.6399999999999997,3.5428896576716564,2.39,22.0,2.5349999999999997,2.6825,1
SEN_SPI2_S24,SEN_SPI2,30,2.8006666666666664,2.125,3.816682919204466,1.86,23.0,2.04,2.18,1
SEN_SPI2_S25,SEN_SPI2,30,3.0189999999999997,2.3449999999999998,3.966250161654908,1.95,24.0,2.24,2.4275,2
SEN_SPI2_S26,SEN_SPI2,30,3.603,2.86,4.041704275213101,2.76,25.0,2.82,2.92,1
SEN_SPI2_S27,SEN_SPI2,30,3.0069999999999997,2.24,4.344224187712169,1.93,26.0,2.1475,2.2975,1
SEN_SPI2_S28,SEN_SPI2,30,3.3256666666666663,2.52,4.471595166529873,2.39,27.0,2.5,2.53,6
SEN_SPI2_S29,SEN_SPI2,30,3.666,2.84,4.596090242504097,2.7,28.0,2.82,2.85,4
SEN_SPI2_S3,SEN_SPI2,30,2.4233333333333333,2.475,0.13217891045025343,2.0,2.57,2.4025,2.4975,4
SEN_SPI2_S30,SEN_SPI2,30,2.5713333333333335,1.685,4.992771832831203,1.44,29.0,1.5750000000000002,1.74,1
SEN_SPI2_S31,SEN_SPI2,30,3.0526666666666666,2.125,5.089702879569577,2.03,30.0,2.1025,2.1575,1
SEN_SPI2_S32,SEN_SPI2,30,3.454333333333333,2.585,5.215304192095794,1.09,31.0,2.5124999999999997,2.6525,3
SEN_SPI2_S33,SEN_SPI2,30,3.385,2.415,5.404822718710546,2.25,32.0,2.37,2.44,2
SEN_SPI2_S34,SEN_SPI2,30,3.6016666666666666,2.58,5.554011339025424,2.33,33.0,2.4975,2.61,5
SEN_SPI2_S35,SEN_SPI2,30,3.557,2.54,5.750271447865564,2.37,34.0,2.4425,2.57,1
SEN_SPI2_S36,SEN_SPI2,30,3.695666666666667,2.635,5.9126332795845356,2.5,35.0,2.58,2.6575,1
SEN_SPI2_S37,SEN_SPI2,30,3.692,2.58,6.102591535427869,2.41,36.0,2.525,2.6375,1
SEN_SPI2_S38,SEN_SPI2,30,3.4553333333333334,2.295,6.335691853646909,2.21,37.0,2.28,2.325,3
SEN_SPI2_S39,SEN_SPI2,30,3.8193333333333332,2.625,6.457917318451361,2.34,38.0,2.5225,2.765,1
SEN_SPI2_S4,SEN_SPI2,30,2.5433333333333334,2.57,0.1358582763925993,2.32,3.0,2.44,2.62,1
SEN_SPI2_S40,SEN_SPI2,30,4.006333333333333,2.785,6.609769928352056,2.65,39.0,2.74,2.84,2
SEN_SPI2_S41,SEN_SPI2,30,3.8856666666666664,2.64,6.8209938012566464,2.58,40.0,2.62,2.66,2
SEN_SPI2_S42,SEN_SPI2,30,3.4113333333333333,2.14,7.099947903321901,1.8,41.0,2.11,2.1750000000000003,4
SEN_SPI2_S43,SEN_SPI2,30,2.659666666666667,1.375,7.437312493531301,0.43,42.0,1.205,1.4775,4
SEN_SPI2_S44,SEN_SPI2,30,3.5926666666666667,2.27,7.443513692602037,1.99,43.0,2.17,2.31,1
SEN_SPI2_S45,SEN_SPI2,30,3.3579999999999997,2.0549999999999997,7.680205816207684,1.24,44.0,1.8625,2.16,3
SEN_SPI2_S46,SEN_SPI2,30,3.216666666666667,1.755,7.891850590775681,1.69,45.0,1.73,1.83,1
SEN_SPI2_S47,SEN_SPI2,30,3.939,2.47,7.944443883664209,2.31,46.0,2.46,2.4875000000000003,8
SEN_SPI2_S48,SEN_SPI2,30,3.8953333333333333,2.395,8.14134307878232,2.34,47.0,2.37,2.4625000000000004,1
SEN_SPI2_S49,SEN_SPI2,30,3.2150000000000003,1.69,8.45865716496908,1.56,48.0,1.64,1.7,1
SEN_SPI2_S5,SEN_SPI2,30,2.4166666666666665,2.365,0.3011166955979294,2.25,4.0,2.34,2.39,2
SEN_SPI2_S50,SEN_SPI2,30,3.845666666666667,2.28,8.528754076179828,2.15,49.0,2.2425,2.3425000000000002,2
SEN_SPI2_S51,SEN_SPI2,30,3.857666666666667,2.2800000000000002,8.715183216992465,2.14,50.0,2.2125,2.3275,1
SEN_SPI2_S52,SEN_SPI2,30,3.9496666666666664,2.32,8.886484306706075,2.27,51.0,2.3,2.3575,1
SEN_SPI2_S53,SEN_SPI2,30,3.9810000000000003,2.35,9.069607203599624,2.18,52.0,2.3024999999999998,2.38,2
SEN_SPI2_S54,SEN_SPI2,30,3.1310000000000002,1.455,9.419190004709938,1.2,53.0,1.34,1.49,1
SEN_SPI2_S55,SEN_SPI2,1,54.0,54.0,,54.0,54.0,54.0,54.0,0
SEN_SPI2_S56,SEN_SPI2,1,55.0,55.0,,55.0,55.0,55.0,55.0,0
SEN_SPI2_S57,SEN_SPI2,1,56.0,56.0,,56.0,56.0,56.0,56.0,0
SEN_SPI2_S58,SEN_SPI2,1,57.0,57.0,,57.0,57.0,57.0,57.0,0
SEN_SPI2_S59,SEN_SPI2,1,58.0,58.0,,58.0,58.0,58.0,58.0,0
SEN_SPI2_S6,SEN_SPI2,30,2.485,2.4,0.48137554340982414,2.23,5.0,2.3425,2.4475000000000002,1
SEN_SPI2_S60,SEN_SPI2,1,59.0,59.0,,59.0,59.0,59.0,59.0,0
SEN_SPI2_S61,SEN_SPI2,1,60.0,60.0,,60.0,60.0,60.0,60.0,0
SEN_SPI2_S7,SEN_SPI2,30,1.8756666666666666,1.73,0.7810853780580533,1.64,6.0,1.69,1.7775,1
SEN_SPI2_S8,SEN_SPI2,30,1.574,1.39,1.0304923496846643,1.2,7.0,1.29,1.48,1
SEN_SPI2_S9,SEN_SPI2,30,1.788,1.5750000000000002,1.1747117034434007,1.48,8.0,1.5350000000000001,1.61,1
SEN_MAR_S10,SEN_MAR,30,2.2846666666666664,2.06,1.268604265170662,2.0,9.0,2.03,2.08,1
SEN_MAR_S11,SEN_MAR,30,1.6976666666666667,1.42,1.5684424150077687,1.33,10.0,1.39,1.43,1
SEN_MAR_S12,SEN_MAR,30,1.1066666666666667,0.77,1.8690497923909846,0.67,11.0,0.7424999999999999,0.8,1
SEN_MAR_S13,SEN_MAR,30,2.5223333333333335,2.285,1.8182820298924716,0.56,12.0,2.24,2.31,5
SEN_MAR_S14,SEN_MAR,30,1.5963333333333334,1.42,2.2069630925672556,0.15,13.0,1.2625,1.5175,7
SEN_MAR_S15,SEN_MAR,30,2.369666666666667,2.05,2.209282116721259,0.95,14.0,1.95,2.0975,3
SEN_MAR_S16,SEN_MAR,30,2.054666666666667,1.6349999999999998,2.448676959211793,1.07,15.0,1.5625,1.6875,3
SEN_MAR_S17,SEN_MAR,30,2.2303333333333333,1.76,2.6017215564835654,1.6,16.0,1.7125,1.8275000000000001,1
SEN_MAR_S18,SEN_MAR,30,1.6616666666666666,1.14,2.8972746805770146,1.02,17.0,1.11,1.1675,2
SEN_MAR_S19,SEN_MAR,30,1.44666667,0.89,3.134548675500264,0.5,18.0,0.7024999999999999,1.085,1
SEN_MAR_S2,SEN_MAR,30,0.9100000033333333,0.92,0.09089592646690436,0.66,1.11,0.865,0.957499925,3
SEN_MAR_S20,SEN_MAR,30,2.2800000000000002,1.71,3.15797949372041,1.66,19.0,1.69,1.7275,1
SEN_MAR_S21,SEN_MAR,30,2.622,2.03,3.2825393870578625,1.93,20.0,1.99,2.0575,1
SEN_MAR_S22,SEN_MAR,30,2.1693333333333333,1.52,3.5568127279362334,1.39,21.0,1.5,1.55,3
SEN_MAR_S23,SEN_MAR,30,2.1503333333333337,1.4849999999999999,3.7499402140828066,1.25,22.0,1.4425,1.525,4
SEN_MAR_S24,SEN_MAR,30,1.8783333333333334,1.185,3.9922788266709346,0.58,23.0,1.0775000000000001,1.2625,2
SEN_MAR_S25,SEN_MAR,30,2.195666666666667,1.47,4.120209806620861,1.13,24.0,1.4024999999999999,1.55,3
SEN_MAR_S26,SEN_MAR,30,2.3449999999999998,1.5750000000000002,4.27921097303278,1.44,25.0,1.54,1.61,1
SEN_MAR_S27,SEN_MAR,30,1.6630000066666668,0.86,4.597550433702864,0.64,26.0,0.7424999999999999,0.9,1
SEN_MAR_S28,SEN_MAR,30,2.129,1.25,4.698730092563162,1.08,27.0,1.2025,1.395,1
SEN_MAR_S29,SEN_MAR,30,2.5296666666666665,1.66,4.811169822140065,1.51,28.0,1.5950000000000002,1.69,1
SEN_MAR_S3,SEN_MAR,30,0.4676666666666666,0.415,0.29078589508710556,0.34,2.0,0.4,0.4375,2
SEN_MAR_S30,SEN_MAR,30,2.1173333333333333,1.19,5.0887854613123915,0.74,29.0,0.8625,1.5025,1
SEN_MAR_S31,SEN_MAR,30,2.5813333333333333,1.64,5.179216245682374,1.4,30.0,1.5825,1.7175,1
SEN_MAR_S32,SEN_MAR,30,2.573666666666667,1.79,5.3816460008217675,0.86,31.0,1.61,1.8275000000000001,7
SEN_MAR_S33,SEN_MAR,30,2.7569999999999997,1.78,5.524482281875708,1.56,32.0,1.625,1.8525,1
SEN_MAR_S34,SEN_MAR,30,2.2936666666666667,1.21,5.800057956507898,1.12,33.0,1.1749999999999998,1.29,2
SEN_MAR_S35,SEN_MAR,30,3.1573333333333333,2.11,5.825440598007977,1.93,34.0,2.08,2.1275,3
SEN_MAR_S36,SEN_MAR,30,2.893666666666667,1.8050000000000002,6.064125421397284,1.69,35.0,1.7525,1.8275000000000001,1
SEN_MAR_S37,SEN_MAR,30,1.894,0.73,6.441959757499374,0.58,36.0,0.6725000000000001,0.7475,2
SEN_MAR_S38,SEN_MAR,30,2.4736666666666665,1.295,6.521304863785835,1.13,37.0,1.23,1.33,1
SEN_MAR_S39,SEN_MAR,30,2.9563333333333333,1.78,6.61953664558924,1.51,38.0,1.69,1.8375000000000001,1
SEN_MAR_S4,SEN_MAR,30,1.03133333,1.0350000000000001,0.44397680433870074,0.54,3.0,0.7024999999999999,1.15,1
SEN_MAR_S40,SEN_MAR,30,2.829333333333333,1.58,6.83180136457856,1.48,39.0,1.545,1.63,1
SEN_MAR_S41,SEN_MAR,30,2.5319999999999996,1.24,7.076632454533141,1.2,40.0,1.22,1.25,2
SEN_MAR_S42,SEN_MAR,30,1.9366666666666668,0.585,7.37796688812703,0.53,41.0,0.57,0.62,1
SEN_MAR_S43,SEN_MAR,30,3.011,1.705,7.3647039643667025,1.38,42.0,1.5875000000000001,1.7675,1
SEN_MAR_S44,SEN_MAR,30,2.7236666666666665,1.36,7.607843268325282,1.08,43.0,1.26,1.44,1
SEN_MAR_S45,SEN_MAR,30,2.5390000033333333,1.15,7.833972590002051,0.43,44.0,1.0725,1.2675,5
SEN_MAR_S46,SEN_MAR,30,2.795666666666667,1.34,7.971340337835865,1.26,45.0,1.3,1.3775,2
SEN_MAR_S47,SEN_MAR,30,3.396333333333333,1.96,8.04823368213789,1.19,46.0,1.9224999999999999,1.995,5
SEN_MAR_S48,SEN_MAR,30,2.6173333333333333,1.09,8.382621157565477,1.0,47.0,1.0625,1.12,1
SEN_MAR_S49,SEN_MAR,30,2.789,1.23,8.53906049503873,1.16,48.0,1.21,1.2575,1
SEN_MAR_S5,SEN_MAR,30,1.6826666666666665,1.69,0.4984246446924365,0.62,4.0,1.605,1.71,3
SEN_MAR_S50,SEN_MAR,30,2.1623333333333337,0.64,8.848944095720991,0.15,49.0,0.36,0.74,1
SEN_MAR_S51,SEN_MAR,30,2.3810000000000002,0.735,8.993857808296841,0.67,50.0,0.72,0.7675000000000001,1
SEN_MAR_S52,SEN_MAR,30,2.8246666666666664,1.205,9.100251505934567,0.4,51.0,1.1375,1.2475,2
SEN_MAR_S53,SEN_MAR,30,2.556,0.86,9.338549913276612,0.74,52.0,0.84,0.88,3
SEN_MAR_S54,SEN_MAR,30,2.555333333333333,0.81,9.527572956256048,0.7,53.0,0.79,0.85,2
SEN_MAR_S55,SEN_MAR,1,54.0,54.0,,54.0,54.0,54.0,54.0,0
SEN_MAR_S56,SEN_MAR,1,55.0,55.0,,55.0,55.0,55.0,55.0,0
SEN_MAR_S57,SEN_MAR,1,56.0,56.0,,56.0,56.0,56.0,56.0,0
SEN_MAR_S58,SEN_MAR,1,57.0,57.0,,57.0,57.0,57.0,57.0,0
SEN_MAR_S59,SEN_MAR,1,58.0,58.0,,58.0,58.0,58.0,58.0,0
SEN_MAR_S6,SEN_MAR,30,1.45,1.33,0.6711390215200548,1.27,5.0,1.3025,1.3575000000000002,1
SEN_MAR_S60,SEN_MAR,1,59.0,59.0,,59.0,59.0,59.0,59.0,0
SEN_MAR_S61,SEN_MAR,1,60.0,60.0,,60.0,60.0,60.0,60.0,0
SEN_MAR_S7,SEN_MAR,30,1.9706666666666666,1.835,0.7635350333327456,1.67,6.0,1.8,1.89,1
SEN_MAR_S8,SEN_MAR,30,1.3996666633333334,1.29,1.0861049792817863,0.63,7.0,1.0550000000000002,1.3824999999999998,1
SEN_MAR_S9,SEN_MAR,30,0.6313333333333334,0.38,1.3938454209385145,0.19,8.0,0.325,0.44,1
EMG_S10,EMG,576,3535.6745659722224,4660.3150000000005,1296.9931365622385,0.0,5000.0,2248.29,4745.85,0
EMG_S11,EMG,556,2487.640611510791,2013.69,1020.9262037337744,10.0,5000.0,1823.07,2678.4,73
EMG_S12,EMG,556,3715.323057553957,3704.79,232.20531868574807,11.0,4354.84,3592.38,3817.2,10
EMG_S13,EMG,652,3638.301487730061,4269.305,1404.9894387119982,0.0,5000.0,2773.705,4755.62,0
EMG_S14,EMG,556,4106.597230215827,4208.21,504.6476798870446,13.0,4745.85,3869.7475,4442.82,12
EMG_S15,EMG,556,4316.035179856115,4672.53,573.1450162083515,14.0,4721.41,4061.58,4692.08,17
EMG_S16,EMG,655,3149.6948702290074,2849.46,1097.7876020554022,15.0,4765.4,2292.28,4261.97,0
EMG_S17,EMG,708,3374.838403954802,3299.12,1090.1194015443139,0.0,5000.0,3005.86,4139.78,42
EMG_S18,EMG,556,2867.513741007194,2807.915,397.72398655171924,17.0,4682.31,2761.49,2869.01,68
EMG_S19,EMG,556,282.2904316546763,215.05,239.66870373138377,18.0,1857.28,141.74,338.4625,34
EMG_S2,EMG,556,589.884892086331,550.0,140.30171242746275,1.0,976.0,499.0,621.0,57
EMG_S20,EMG,556,891.1571942446044,425.22,932.1779277715953,19.0,4760.51,234.6,1353.86,18
EMG_S21,EMG,556,628.0469604316546,435.0,540.0253042008596,0.0,2820.14,224.83,860.22,33
EMG_S22,EMG,556,2310.7317805755397,2272.7250000000004,1405.0521696213718,21.0,4638.32,1124.14,3445.75,0
EMG_S23,EMG,556,968.9508812949639,603.615,935.099817323242,22.0,4672.53,344.575,1099.7075,78
EMG_S24,EMG,556,1407.7626258992807,1151.025,812.4256617009398,23.0,4721.41,868.7675,1693.545,37
EMG_S25,EMG,556,829.6490107913669,610.9449999999999,723.910321495093,24.0,3519.06,273.7,1192.57,20
EMG_S26,EMG,556,778.0765107913669,689.15,291.9584824928283,25.0,2781.04,615.84,840.66,43
EMG_S27,EMG,556,2308.1469964028774,2321.6,1159.4862107893314,26.0,4692.08,1367.3,3284.46,0
EMG_S28,EMG,556,505.4036510791367,464.32,184.41889512780168,27.0,2091.89,435.0,504.64250000000004,60
EMG_S29,EMG,708,1096.584548022599,955.5250000000001,671.7329144049634,28.0,4902.25,576.74,1446.73,8
EMG_S3,EMG,556,3643.724442446043,3721.895,1019.2725113920757,2.0,4726.29,2602.6375,4692.08,0
EMG_S30,EMG,556,1385.1287878417265,1099.71,854.0257677753006,29.0,3548.39,796.68,1847.51,8
EMG_S31,EMG,556,1106.0284892086331,750.245,784.3516903637376,30.0,4491.69,645.16,1284.215,56
EMG_S32,EMG,556,598.1696043165467,102.64,855.1586390575718,0.0,2913.0,0.0,1114.37,14
EMG_S33,EMG,556,1528.0347302158275,1089.93,1072.7911220070027,4.89,3885.63,664.71,2574.535,0
EMG_S34,EMG,556,943.9696942446044,474.1,926.5878108634965,33.0,4608.99,410.56,1119.26,61
EMG_S35,EMG,556,2311.071438848921,2424.24,1557.942285792471,34.0,4784.95,579.18,3537.3900000000003,0
EMG_S36,EMG,556,2013.8182194244603,596.29,2013.1693260245183,35.0,4667.64,254.15,4618.77,0
EMG_S37,EMG,556,2701.044082733813,3787.88,2100.402324038679,36.0,4740.96,234.6,4721.41,0
EMG_S38,EMG,556,2954.937248201439,4437.93,1982.1347952006254,0.0,5000.0,674.49,4736.07,0
EMG_S39,EMG,556,846.165629496403,728.25,525.5178676783052,38.0,2834.8,444.77,1153.47,11
EMG_S4,EMG,556,2227.058561151079,2355.82,695.673333706272,1.0,3841.64,1701.86,2706.74,4
EMG_S40,EMG,556,404.49077338129496,97.75,940.2125572428064,39.0,4789.83,92.86,224.83,90
EMG_S41,EMG,556,2188.7254856115105,1955.03,1538.6444238553645,40.0,4775.17,659.82,3318.67,0
EMG_S42,EMG,556,1566.8258387284175,1104.595,1497.8647978737822,41.0,4780.06,337.24,2024.6825,76
EMG_S43,EMG,556,804.979964028777,410.56,1046.4076872909618,42.0,4726.29,278.59,826.0,62
EMG_S44,EMG,556,1741.3944964028776,1295.21,1435.4888348680795,43.0,4696.97,497.30999999999995,2781.04,0
EMG_S45,EMG,556,841.7457374100719,415.44,816.9463480593837,44.0,3191.59,233.38,1309.87,6
EMG_S46,EMG,556,204.56724820143884,122.19,454.0288764251776,45.0,4222.87,112.41,127.08,70
EMG_S47,EMG,556,881.2547841726619,696.48,810.9259538433269,46.0,4648.09,350.6875,1131.475,20
EMG_S48,EMG,707,390.61826025459686,293.26,385.4176605097447,47.0,4765.4,234.6,400.78,61
EMG_S49,EMG,556,297.3147661870504,156.4,426.842413374375,48.0,3005.86,131.96,190.62,83
EMG_S5,EMG,556,330.701582733813,166.18,430.90395056177283,4.0,2996.09,97.75,342.13,69
EMG_S50,EMG,556,1191.7975179856116,686.7049999999999,903.9290347378587,49.0,4266.86,552.3,1631.235,22
EMG_S51,EMG,556,2399.7977877697845,2118.77,1549.2676572296923,50.0,4672.53,972.63,4227.76,0
EMG_S52,EMG,556,1753.9580035971223,1077.7150000000001,1583.6776892166765,51.0,4736.07,370.23749999999995,3097.505,0
EMG_S53,EMG,556,1648.0896942446043,1102.15,1263.4827448466133,52.0,4780.06,733.1424999999999,2111.44,54
EMG_S54,EMG,556,751.0165107913668,620.72,502.41599235720173,53.0,4687.19,513.2,817.45,56
EMG_S55,EMG,1,54.0,54.0,,54.0,54.0,54.0,54.0,0
EMG_S56,EMG,1,55.0,55.0,,55.0,55.0,55.0,55.0,0
EMG_S57,EMG,1,56.0,56.0,,56.0,56.0,56.0,56.0,0
EMG_S58,EMG,1,57.0,57.0,,57.0,57.0,57.0,57.0,0
EMG_S59,EMG,1,58.0,58.0,,58.0,58.0,58.0,58.0,0
EMG_S6,EMG,556,1597.8278776978418,1114.37,1536.2799324777584,0.0,5000.0,98.975,3044.97,0
EMG_S60,EMG,1,59.0,59.0,,59.0,59.0,59.0,59.0,0
EMG_S61,EMG,1,60.0,60.0,,60.0,60.0,60.0,60.0,0
EMG_S7,EMG,700,1006.9699857142857,918.87,392.74482269981684,6.0,2727.27,679.37,1243.8925,8
EMG_S8,EMG,556,4273.687715827338,4760.51,1262.1097653235397,7.0,4789.83,4736.07,4770.28,118
EMG_S9,EMG,556,566.5349100719424,410.555,474.0641308155868,8.0,2761.49,215.05,786.9,22
